"","date","price"
"1","2014-07-31",1000
"2","2014-08-01",1018.202717
"3","2014-08-02",1008.772389
"4","2014-08-03",1004.4165
"5","2014-08-04",1004.984138
"6","2014-08-05",998.0410565
"7","2014-08-06",999.8663178
"8","2014-08-07",1006.144005
"9","2014-08-08",1012.505635
"10","2014-08-09",1006.846193
"11","2014-08-10",1006.86504
"12","2014-08-11",980.9331217
"13","2014-08-12",970.5076943
"14","2014-08-13",930.476552
"15","2014-08-14",862.7822021
"16","2014-08-15",843.5153692
"17","2014-08-16",891.0207203
"18","2014-08-17",846.5180777
"19","2014-08-18",786.4921555
"20","2014-08-19",829.4406174
"21","2014-08-20",880.5010963
"22","2014-08-21",882.2979487
"23","2014-08-22",882.5566
"24","2014-08-23",849.458735
"25","2014-08-24",869.3409207
"26","2014-08-25",855.7833932
"27","2014-08-26",872.9780858
"28","2014-08-27",872.5128548
"29","2014-08-28",866.2610835
"30","2014-08-29",868.4953818
"31","2014-08-30",857.5924318
"32","2014-08-31",820.8686879
"33","2014-09-01",814.2321201
"34","2014-09-02",810.9593584
"35","2014-09-03",811.6338818
"36","2014-09-04",836.8057173
"37","2014-09-05",822.1685513
"38","2014-09-06",826.1332828
"39","2014-09-07",822.7349399
"40","2014-09-08",806.7997987
"41","2014-09-09",808.1129548
"42","2014-09-10",817.4124013
"43","2014-09-11",816.5868348
"44","2014-09-12",812.1096433
"45","2014-09-13",816.6118471
"46","2014-09-14",816.7506834
"47","2014-09-15",813.2662258
"48","2014-09-16",796.4645479
"49","2014-09-17",785.3543419
"50","2014-09-18",733.2341797
"51","2014-09-19",680.2144719
"52","2014-09-20",706.2804849
"53","2014-09-21",685.178632
"54","2014-09-22",688.7218943
"55","2014-09-23",746.7688196
"56","2014-09-24",725.9928765
"57","2014-09-25",704.7671946
"58","2014-09-26",696.8117642
"59","2014-09-27",688.1426984
"60","2014-09-28",653.2935277
"61","2014-09-29",646.2270535
"62","2014-09-30",669.9979464
"63","2014-10-01",659.2523706
"64","2014-10-02",644.0672436
"65","2014-10-03",618.411663
"66","2014-10-04",570.6569707
"67","2014-10-05",565.2824686
"68","2014-10-06",571.0504028
"69","2014-10-07",576.0868333
"70","2014-10-08",611.7703398
"71","2014-10-09",620.1448164
"72","2014-10-10",618.2748965
"73","2014-10-11",621.403416
"74","2014-10-12",645.907032
"75","2014-10-13",666.830649
"76","2014-10-14",685.7847338
"77","2014-10-15",674.9876293
"78","2014-10-16",653.4982305
"79","2014-10-17",654.9047858
"80","2014-10-18",669.6544909
"81","2014-10-19",665.5177744
"82","2014-10-20",653.6734758
"83","2014-10-21",659.4481674
"84","2014-10-22",654.9217888
"85","2014-10-23",615.3886954
"86","2014-10-24",612.4063704
"87","2014-10-25",598.7981198
"88","2014-10-26",603.3437449
"89","2014-10-27",601.4677283
"90","2014-10-28",606.3572568
"91","2014-10-29",575.3415051
"92","2014-10-30",592.5155556
"93","2014-10-31",580.3093592
"94","2014-11-01",557.8958107
"95","2014-11-02",558.5353241
"96","2014-11-03",559.2707337
"97","2014-11-04",565.9783142
"98","2014-11-05",582.6367535
"99","2014-11-06",599.346403
"100","2014-11-07",588.3052524
"101","2014-11-08",594.1750505
"102","2014-11-09",626.2961562
"103","2014-11-10",626.2882295
"104","2014-11-11",630.0576452
"105","2014-11-12",718.113982
"106","2014-11-13",711.3082986
"107","2014-11-14",679.0341513
"108","2014-11-15",648.8645733
"109","2014-11-16",666.4636129
"110","2014-11-17",661.9370636
"111","2014-11-18",644.9534572
"112","2014-11-19",648.8958047
"113","2014-11-20",614.6708548
"114","2014-11-21",607.4608986
"115","2014-11-22",614.5738495
"116","2014-11-23",643.7446967
"117","2014-11-24",661.414861
"118","2014-11-25",661.2065398
"119","2014-11-26",649.6113359
"120","2014-11-27",664.4236671
"121","2014-11-28",682.6896886
"122","2014-11-29",676.3530477
"123","2014-11-30",668.5640259
"124","2014-12-01",678.7496061
"125","2014-12-02",684.540087
"126","2014-12-03",673.0132822
"127","2014-12-04",663.8817424
"128","2014-12-05",679.1039947
"129","2014-12-06",677.0737623
"130","2014-12-07",679.855048
"131","2014-12-08",652.3532842
"132","2014-12-09",640.4167612
"133","2014-12-10",636.9236875
"134","2014-12-11",639.1004584
"135","2014-12-12",647.1638994
"136","2014-12-13",642.3924733
"137","2014-12-14",647.4933222
"138","2014-12-15",641.554147
"139","2014-12-16",627.0666345
"140","2014-12-17",626.3928973
"141","2014-12-18",620.4296192
"142","2014-12-19",617.5576206
"143","2014-12-20",633.464061
"144","2014-12-21",618.1922403
"145","2014-12-22",646.606259
"146","2014-12-23",647.3110572
"147","2014-12-24",625.4374702
"148","2014-12-25",622.0424378
"149","2014-12-26",642.5148802
"150","2014-12-27",615.8977791
"151","2014-12-28",617.5943186
"152","2014-12-29",613.2030804
"153","2014-12-30",608.6273641
"154","2014-12-31",621.4956997
"155","2015-01-01",616.1316473
"156","2015-01-02",616.933306
"157","2015-01-03",562.6183853
"158","2015-01-04",506.8353719
"159","2015-01-05",533.0313055
"160","2015-01-06",554.7199529
"161","2015-01-07",572.9841988
"162","2015-01-08",553.4618858
"163","2015-01-09",561.4904236
"164","2015-01-10",531.4034287
"165","2015-01-11",517.3586271
"166","2015-01-12",518.0986905
"167","2015-01-13",428.9708196
"168","2015-01-14",342.0667067
"169","2015-01-15",414.9526423
"170","2015-01-16",406.1341061
"171","2015-01-17",391.8564527
"172","2015-01-18",408.7084755
"173","2015-01-19",419.1765445
"174","2015-01-20",412.8831068
"175","2015-01-21",437.4817769
"176","2015-01-22",451.8116458
"177","2015-01-23",452.3410036
"178","2015-01-24",477.5647666
"179","2015-01-25",486.258422
"180","2015-01-26",511.936704
"181","2015-01-27",491.302726
"182","2015-01-28",488.1012886
"183","2015-01-29",442.7601018
"184","2015-01-30",435.6643888
"185","2015-01-31",417.903539
"186","2015-02-01",430.5551111
"187","2015-02-02",450.5393327
"188","2015-02-03",424.9289777
"189","2015-02-04",425.171371
"190","2015-02-05",414.8990404
"191","2015-02-06",427.4006989
"192","2015-02-07",432.5505786
"193","2015-02-08",424.7914831
"194","2015-02-09",418.3590144
"195","2015-02-10",417.8974069
"196","2015-02-11",415.5561482
"197","2015-02-12",421.4065701
"198","2015-02-13",445.697676
"199","2015-02-14",485.6408987
"200","2015-02-15",437.4368495
"201","2015-02-16",442.6830486
"202","2015-02-17",454.2855419
"203","2015-02-18",440.3476732
"204","2015-02-19",449.7628788
"205","2015-02-20",454.8702829
"206","2015-02-21",454.0992297
"207","2015-02-22",439.5756614
"208","2015-02-23",444.7292896
"209","2015-02-24",446.2598087
"210","2015-02-25",444.3681395
"211","2015-02-26",441.9755873
"212","2015-02-27",471.6624909
"213","2015-02-28",469.5931471
"214","2015-03-01",473.4413865
"215","2015-03-02",493.0892133
"216","2015-03-03",504.4912582
"217","2015-03-04",489.4490455
"218","2015-03-05",498.4193516
"219","2015-03-06",491.9397335
"220","2015-03-07",496.2105792
"221","2015-03-08",493.8288093
"222","2015-03-09",519.021858
"223","2015-03-10",517.8795216
"224","2015-03-11",527.209257
"225","2015-03-12",524.7979569
"226","2015-03-13",515.6742767
"227","2015-03-14",507.0598895
"228","2015-03-15",512.2627461
"229","2015-03-16",520.7797618
"230","2015-03-17",511.1818999
"231","2015-03-18",462.5387724
"232","2015-03-19",469.691227
"233","2015-03-20",471.1443887
"234","2015-03-21",468.2508085
"235","2015-03-22",481.942197
"236","2015-03-23",479.466817
"237","2015-03-24",443.300883
"238","2015-03-25",442.6246006
"239","2015-03-26",443.3302905
"240","2015-03-27",443.2128512
"241","2015-03-28",451.1114586
"242","2015-03-29",434.3003512
"243","2015-03-30",441.7096883
"244","2015-03-31",435.9645292
"245","2015-04-01",437.0940488
"246","2015-04-02",447.5413901
"247","2015-04-03",452.5780392
"248","2015-04-04",452.4210414
"249","2015-04-05",462.275882
"250","2015-04-06",455.4570504
"251","2015-04-07",452.6231327
"252","2015-04-08",438.4003866
"253","2015-04-09",435.2477173
"254","2015-04-10",419.1259337
"255","2015-04-11",422.0594037
"256","2015-04-12",421.6472976
"257","2015-04-13",400.8900332
"258","2015-04-14",390.6881186
"259","2015-04-15",398.0584298
"260","2015-04-16",406.8403082
"261","2015-04-17",397.5428806
"262","2015-04-18",397.7921309
"263","2015-04-19",396.9229963
"264","2015-04-20",400.0503434
"265","2015-04-21",417.3243734
"266","2015-04-22",416.3200125
"267","2015-04-23",418.7714062
"268","2015-04-24",411.8192434
"269","2015-04-25",403.469886
"270","2015-04-26",389.8390302
"271","2015-04-27",406.4563669
"272","2015-04-28",400.9325092
"273","2015-04-29",402.2887548
"274","2015-04-30",419.7282765
"275","2015-05-01",413.8612544
"276","2015-05-02",417.8229198
"277","2015-05-03",425.2087923
"278","2015-05-04",423.6239985
"279","2015-05-05",418.2944711
"280","2015-05-06",407.9790417
"281","2015-05-07",418.2639912
"282","2015-05-08",429.5643759
"283","2015-05-09",426.0419919
"284","2015-05-10",421.9578146
"285","2015-05-11",425.7169228
"286","2015-05-12",425.2141411
"287","2015-05-13",414.2606235
"288","2015-05-14",415.4320572
"289","2015-05-15",416.2796263
"290","2015-05-16",414.768021
"291","2015-05-17",413.4259142
"292","2015-05-18",405.4536712
"293","2015-05-19",408.1021469
"294","2015-05-20",412.2083623
"295","2015-05-21",414.2958956
"296","2015-05-22",424.0628142
"297","2015-05-23",421.7362283
"298","2015-05-24",425.5902457
"299","2015-05-25",419.6492565
"300","2015-05-26",419.4687025
"301","2015-05-27",419.8101286
"302","2015-05-28",424.1202214
"303","2015-05-29",427.7956212
"304","2015-05-30",418.8472933
"305","2015-05-31",412.1759782
"306","2015-06-01",399.1722862
"307","2015-06-02",404.1700529
"308","2015-06-03",404.104152
"309","2015-06-04",401.6024913
"310","2015-06-05",403.4990589
"311","2015-06-06",403.9239004
"312","2015-06-07",400.7862357
"313","2015-06-08",410.0379202
"314","2015-06-09",411.3156762
"315","2015-06-10",410.4231949
"316","2015-06-11",411.7944691
"317","2015-06-12",412.5752424
"318","2015-06-13",416.5563191
"319","2015-06-14",418.5062619
"320","2015-06-15",425.8897857
"321","2015-06-16",450.9443433
"322","2015-06-17",447.3250689
"323","2015-06-18",451.9165876
"324","2015-06-19",446.2731759
"325","2015-06-20",449.3640837
"326","2015-06-21",444.5728139
"327","2015-06-22",450.5259591
"328","2015-06-23",445.1434389
"329","2015-06-24",440.2945765
"330","2015-06-25",443.8224784
"331","2015-06-26",444.5299633
"332","2015-06-27",459.5617627
"333","2015-06-28",454.829751
"334","2015-06-29",470.3657359
"335","2015-06-30",478.1724949
"336","2015-07-01",469.1141492
"337","2015-07-02",463.9785672
"338","2015-07-03",465.3771263
"339","2015-07-04",472.5621986
"340","2015-07-05",487.2731889
"341","2015-07-06",482.6239269
"342","2015-07-07",476.5071078
"343","2015-07-08",482.7691019
"344","2015-07-09",481.5172497
"345","2015-07-10",506.4287137
"346","2015-07-11",515.9337367
"347","2015-07-12",546.4046126
"348","2015-07-13",514.2892381
"349","2015-07-14",507.9742748
"350","2015-07-15",502.6469138
"351","2015-07-16",489.0871457
"352","2015-07-17",491.3261449
"353","2015-07-18",485.5582962
"354","2015-07-19",482.7118751
"355","2015-07-20",489.1018767
"356","2015-07-21",484.5332078
"357","2015-07-22",486.2082104
"358","2015-07-23",485.2297643
"359","2015-07-24",507.010855
"360","2015-07-25",507.5611494
"361","2015-07-26",513.8088816
"362","2015-07-27",516.6987238
"363","2015-07-28",518.9445071
"364","2015-07-29",510.1439866
"365","2015-07-30",507.3052412
"366","2015-07-31",501.7725984
"367","2015-08-01",495.7627455
"368","2015-08-02",497.3199235
"369","2015-08-03",497.6852716
"370","2015-08-04",501.44214
"371","2015-08-05",496.8629824
"372","2015-08-06",490.6135543
"373","2015-08-07",491.737641
"374","2015-08-08",462.0290311
"375","2015-08-09",470.4018001
"376","2015-08-10",468.5025371
"377","2015-08-11",478.3924913
"378","2015-08-12",473.8464596
"379","2015-08-13",466.4287494
"380","2015-08-14",469.6632522
"381","2015-08-15",462.3041661
"382","2015-08-16",456.9729159
"383","2015-08-17",455.5281922
"384","2015-08-18",448.3466261
"385","2015-08-19",401.8157571
"386","2015-08-20",416.8726709
"387","2015-08-21",413.0981933
"388","2015-08-22",407.2741622
"389","2015-08-23",403.4735366
"390","2015-08-24",374.2811283
"391","2015-08-25",391.8330883
"392","2015-08-26",399.7487346
"393","2015-08-27",396.1847966
"394","2015-08-28",410.0368828
"395","2015-08-29",406.016113
"396","2015-08-30",406.489982
"397","2015-08-31",409.2468347
"398","2015-09-01",404.0801321
"399","2015-09-02",406.0111067
"400","2015-09-03",401.4916505
"401","2015-09-04",406.9373223
"402","2015-09-05",417.1408353
"403","2015-09-06",424.4065228
"404","2015-09-07",426.7773323
"405","2015-09-08",431.1798068
"406","2015-09-09",421.4948679
"407","2015-09-10",422.7319318
"408","2015-09-11",427.358088
"409","2015-09-12",418.106487
"410","2015-09-13",411.8217185
"411","2015-09-14",407.3413049
"412","2015-09-15",408.0081333
"413","2015-09-16",404.6783436
"414","2015-09-17",411.7062032
"415","2015-09-18",411.8034398
"416","2015-09-19",409.7681291
"417","2015-09-20",409.5525207
"418","2015-09-21",401.1398357
"419","2015-09-22",406.2989254
"420","2015-09-23",404.4344664
"421","2015-09-24",410.9542043
"422","2015-09-25",412.4019069
"423","2015-09-26",411.2135389
"424","2015-09-27",408.5947652
"425","2015-09-28",418.2355858
"426","2015-09-29",412.1306216
"427","2015-09-30",409.8841341
"428","2015-10-01",411.8561234
"429","2015-10-02",412.1737345
"430","2015-10-03",413.8609854
"431","2015-10-04",412.0459327
"432","2015-10-05",413.6125274
"433","2015-10-06",424.7360216
"434","2015-10-07",419.7207216
"435","2015-10-08",419.2348192
"436","2015-10-09",421.7809021
"437","2015-10-10",422.0201794
"438","2015-10-11",425.6503519
"439","2015-10-12",422.3755861
"440","2015-10-13",428.2504553
"441","2015-10-14",433.7159043
"442","2015-10-15",436.8193266
"443","2015-10-16",448.8605043
"444","2015-10-17",460.8584393
"445","2015-10-18",446.8851876
"446","2015-10-19",449.9101001
"447","2015-10-20",457.986627
"448","2015-10-21",452.6534467
"449","2015-10-22",464.1316154
"450","2015-10-23",469.7869993
"451","2015-10-24",478.534284
"452","2015-10-25",481.7580018
"453","2015-10-26",483.8303101
"454","2015-10-27",499.6380453
"455","2015-10-28",515.1496379
"456","2015-10-29",533.1946986
"457","2015-10-30",551.9386072
"458","2015-10-31",528.3322314
"459","2015-11-01",551.0198457
"460","2015-11-02",592.196616
"461","2015-11-03",668.5540542
"462","2015-11-04",675.0404983
"463","2015-11-05",646.6480107
"464","2015-11-06",623.7264293
"465","2015-11-07",647.075462
"466","2015-11-08",622.6234591
"467","2015-11-09",636.7040588
"468","2015-11-10",565.6316323
"469","2015-11-11",514.8560289
"470","2015-11-12",568.1401207
"471","2015-11-13",567.3749774
"472","2015-11-14",557.1891441
"473","2015-11-15",538.8542226
"474","2015-11-16",556.5658453
"475","2015-11-17",563.5485127
"476","2015-11-18",564.153006
"477","2015-11-19",547.7531007
"478","2015-11-20",540.3750425
"479","2015-11-21",546.7785844
"480","2015-11-22",543.8313554
"481","2015-11-23",542.9241084
"482","2015-11-24",537.9033883
"483","2015-11-25",551.2456816
"484","2015-11-26",595.7965442
"485","2015-11-27",600.02473
"486","2015-11-28",595.738034
"487","2015-11-29",619.7241967
"488","2015-11-30",630.0401881
"489","2015-12-01",605.8811755
"490","2015-12-02",598.2776932
"491","2015-12-03",602.2092502
"492","2015-12-04",607.2092496
"493","2015-12-05",653.3784125
"494","2015-12-06",658.7385633
"495","2015-12-07",659.5909838
"496","2015-12-08",693.8833818
"497","2015-12-09",707.1556047
"498","2015-12-10",706.8741747
"499","2015-12-11",763.6869969
"500","2015-12-12",736.1522245
"501","2015-12-13",738.6111411
"502","2015-12-14",746.9927231
"503","2015-12-15",777.6607506
"504","2015-12-16",759.8633995
"505","2015-12-17",763.4847856
"506","2015-12-18",773.855516
"507","2015-12-19",770.5187913
"508","2015-12-20",736.8673608
"509","2015-12-21",731.5974614
"510","2015-12-22",728.5916004
"511","2015-12-23",738.6439171
"512","2015-12-24",757.6927476
"513","2015-12-25",761.1649576
"514","2015-12-26",698.2028271
"515","2015-12-27",709.9821201
"516","2015-12-28",704.7364358
"517","2015-12-29",722.8862384
"518","2015-12-30",714.7060071
"519","2015-12-31",721.3088503
"520","2016-01-01",725.8447563
"521","2016-01-02",726.3114857
"522","2016-01-03",719.7965478
"523","2016-01-04",725.0927304
"524","2016-01-05",723.2120471
"525","2016-01-06",722.3530543
"526","2016-01-07",762.0902584
"527","2016-01-08",758.9898307
"528","2016-01-09",750.7025485
"529","2016-01-10",747.7693281
"530","2016-01-11",749.6642957
"531","2016-01-12",747.4861255
"532","2016-01-13",725.1090225
"533","2016-01-14",720.3236734
"534","2016-01-15",618.8599321
"535","2016-01-16",648.1618399
"536","2016-01-17",652.2959814
"537","2016-01-18",651.3733866
"538","2016-01-19",640.9517495
"539","2016-01-20",706.8421895
"540","2016-01-21",688.9839945
"541","2016-01-22",639.0213369
"542","2016-01-23",660.8392507
"543","2016-01-24",685.9812702
"544","2016-01-25",671.1711766
"545","2016-01-26",671.6884937
"546","2016-01-27",679.0717409
"547","2016-01-28",657.946197
"548","2016-01-29",658.5938614
"549","2016-01-30",653.2136986
"550","2016-01-31",631.0688972
"551","2016-02-01",641.1914651
"552","2016-02-02",646.2546285
"553","2016-02-03",640.4165657
"554","2016-02-04",673.9102335
"555","2016-02-05",671.0766636
"556","2016-02-06",655.8627895
"557","2016-02-07",661.5524689
"558","2016-02-08",654.9139364
"559","2016-02-09",662.9996231
"560","2016-02-10",678.5245404
"561","2016-02-11",686.3545995
"562","2016-02-12",693.2243713
"563","2016-02-13",705.8272947
"564","2016-02-14",727.2153538
"565","2016-02-15",720.858669
"566","2016-02-16",725.1139161
"567","2016-02-17",733.4231005
"568","2016-02-18",745.1632174
"569","2016-02-19",743.8081502
"570","2016-02-20",776.8033956
"571","2016-02-21",774.907899
"572","2016-02-22",781.0530159
"573","2016-02-23",752.4934087
"574","2016-02-24",761.803743
"575","2016-02-25",759.8528377
"576","2016-02-26",765.48291
"577","2016-02-27",776.9869633
"578","2016-02-28",778.4525722
"579","2016-02-29",783.8023321
"580","2016-03-01",784.7530046
"581","2016-03-02",780.7263242
"582","2016-03-03",784.1081946
"583","2016-03-04",771.4713216
"584","2016-03-05",758.9281163
"585","2016-03-06",772.7177731
"586","2016-03-07",775.4785246
"587","2016-03-08",776.9687456
"588","2016-03-09",795.3719987
"589","2016-03-10",796.9004511
"590","2016-03-11",804.1512919
"591","2016-03-12",807.5892722
"592","2016-03-13",821.9152726
"593","2016-03-14",803.3580813
"594","2016-03-15",809.929928
"595","2016-03-16",807.7106064
"596","2016-03-17",798.6063102
"597","2016-03-18",779.8273743
"598","2016-03-19",774.6736379
"599","2016-03-20",780.480914
"600","2016-03-21",793.2023886
"601","2016-03-22",797.5370415
"602","2016-03-23",810.7380489
"603","2016-03-24",795.7252087
"604","2016-03-25",793.3168164
"605","2016-03-26",797.961601
"606","2016-03-27",805.6528138
"607","2016-03-28",810.3998546
"608","2016-03-29",799.9762679
"609","2016-03-30",794.9156684
"610","2016-03-31",795.3527411
"611","2016-04-01",799.6877949
"612","2016-04-02",804.4167204
"613","2016-04-03",802.4726557
"614","2016-04-04",802.7771255
"615","2016-04-05",800.3127371
"616","2016-04-06",799.5702942
"617","2016-04-07",791.7305844
"618","2016-04-08",784.9800257
"619","2016-04-09",780.9417119
"620","2016-04-10",776.8571591
"621","2016-04-11",778.2017608
"622","2016-04-12",774.5715028
"623","2016-04-13",775.335152
"624","2016-04-14",781.966053
"625","2016-04-15",787.9214435
"626","2016-04-16",793.7535333
"627","2016-04-17",795.9913841
"628","2016-04-18",795.9060581
"629","2016-04-19",806.6784569
"630","2016-04-20",814.3271706
"631","2016-04-21",826.1569544
"632","2016-04-22",817.8766459
"633","2016-04-23",829.8671963
"634","2016-04-24",839.0804878
"635","2016-04-25",838.4134426
"636","2016-04-26",844.072327
"637","2016-04-27",809.5110845
"638","2016-04-28",813.1216328
"639","2016-04-29",827.1609162
"640","2016-04-30",825.2462048
"641","2016-05-01",832.6903395
"642","2016-05-02",830.2607378
"643","2016-05-03",832.3392956
"644","2016-05-04",827.8229153
"645","2016-05-05",833.460641
"646","2016-05-06",850.0404871
"647","2016-05-07",848.03245
"648","2016-05-08",849.0739955
"649","2016-05-09",851.7893358
"650","2016-05-10",832.3675308
"651","2016-05-11",840.7767616
"652","2016-05-12",845.8216486
"653","2016-05-13",852.3605501
"654","2016-05-14",848.6353046
"655","2016-05-15",850.9476333
"656","2016-05-16",855.9624093
"657","2016-05-17",859.9882109
"658","2016-05-18",871.550434
"659","2016-05-19",862.2698638
"660","2016-05-20",857.2533685
"661","2016-05-21",862.1553945
"662","2016-05-22",857.4700209
"663","2016-05-23",856.5260357
"664","2016-05-24",855.8614183
"665","2016-05-25",858.780831
"666","2016-05-26",865.5795641
"667","2016-05-27",888.6159885
"668","2016-05-28",978.1436883
"669","2016-05-29",977.6138348
"670","2016-05-30",996.8473052
"671","2016-05-31",1003.406596
"672","2016-06-01",1015.833418
"673","2016-06-02",1014.386464
"674","2016-06-03",1065.334233
"675","2016-06-04",1069.106984
"676","2016-06-05",1072.651079
"677","2016-06-06",1090.48994
"678","2016-06-07",1083.245493
"679","2016-06-08",1091.160507
"680","2016-06-09",1083.281218
"681","2016-06-10",1082.281252
"682","2016-06-11",1112.068572
"683","2016-06-12",1243.383927
"684","2016-06-13",1310.072692
"685","2016-06-14",1296.677201
"686","2016-06-15",1306.199762
"687","2016-06-16",1439.113876
"688","2016-06-17",1371.910381
"689","2016-06-18",1350.866288
"690","2016-06-19",1373.788192
"691","2016-06-20",1322.653255
"692","2016-06-21",1218.243126
"693","2016-06-22",1096.956951
"694","2016-06-23",1155.34145
"695","2016-06-24",1221.102678
"696","2016-06-25",1231.776653
"697","2016-06-26",1170.375668
"698","2016-06-27",1206.820676
"699","2016-06-28",1193.747514
"700","2016-06-29",1180.85834
"701","2016-06-30",1239.826555
"702","2016-07-01",1242.235657
"703","2016-07-02",1262.380801
"704","2016-07-03",1217.462635
"705","2016-07-04",1239.370821
"706","2016-07-05",1211.112716
"707","2016-07-06",1224.397687
"708","2016-07-07",1159.06773
"709","2016-07-08",1216.654059
"710","2016-07-09",1195.783608
"711","2016-07-10",1190.892686
"712","2016-07-11",1188.852051
"713","2016-07-12",1239.586917
"714","2016-07-13",1229.735417
"715","2016-07-14",1235.705821
"716","2016-07-15",1247.61395
"717","2016-07-16",1246.378147
"718","2016-07-17",1265.114372
"719","2016-07-18",1250.042974
"720","2016-07-19",1269.526398
"721","2016-07-20",1270.336452
"722","2016-07-21",1260.791779
"723","2016-07-22",1253.866396
"724","2016-07-23",1245.837312
"725","2016-07-24",1243.112401
"726","2016-07-25",1239.271069
"727","2016-07-26",1210.316574
"728","2016-07-27",1227.020803
"729","2016-07-28",1226.432481
"730","2016-07-29",1225.324032
"731","2016-07-30",1221.685342
"732","2016-07-31",1165.465845
"733","2016-08-01",1127.186082
"734","2016-08-02",960.6878815
"735","2016-08-03",1057.894105
"736","2016-08-04",1081.29724
"737","2016-08-05",1082.595007
"738","2016-08-06",1101.544993
"739","2016-08-07",1109.679812
"740","2016-08-08",1108.294307
"741","2016-08-09",1107.032424
"742","2016-08-10",1115.609387
"743","2016-08-11",1108.324875
"744","2016-08-12",1107.772747
"745","2016-08-13",1101.952032
"746","2016-08-14",1077.988144
"747","2016-08-15",1071.91455
"748","2016-08-16",1079.674668
"749","2016-08-17",1075.403652
"750","2016-08-18",1077.363329
"751","2016-08-19",1079.514918
"752","2016-08-20",1096.879161
"753","2016-08-21",1091.980299
"754","2016-08-22",1100.62125
"755","2016-08-23",1093.796782
"756","2016-08-24",1087.316217
"757","2016-08-25",1084.702393
"758","2016-08-26",1086.989291
"759","2016-08-27",1070.626383
"760","2016-08-28",1081.025452
"761","2016-08-29",1084.088705
"762","2016-08-30",1089.600795
"763","2016-08-31",1084.426512
"764","2016-09-01",1087.983854
"765","2016-09-02",1094.368938
"766","2016-09-03",1126.585796
"767","2016-09-04",1148.865607
"768","2016-09-05",1147.505972
"769","2016-09-06",1150.299078
"770","2016-09-07",1155.586964
"771","2016-09-08",1171.064468
"772","2016-09-09",1166.933452
"773","2016-09-10",1174.292083
"774","2016-09-11",1138.467583
"775","2016-09-12",1142.065981
"776","2016-09-13",1143.32255
"777","2016-09-14",1147.266234
"778","2016-09-15",1147.982998
"779","2016-09-16",1151.154428
"780","2016-09-17",1150.567716
"781","2016-09-18",1151.978183
"782","2016-09-19",1159.292297
"783","2016-09-20",1167.288831
"784","2016-09-21",1141.187514
"785","2016-09-22",1137.223078
"786","2016-09-23",1150.821833
"787","2016-09-24",1148.39329
"788","2016-09-25",1148.102603
"789","2016-09-26",1155.012769
"790","2016-09-27",1154.576179
"791","2016-09-28",1158.443273
"792","2016-09-29",1156.743445
"793","2016-09-30",1163.354408
"794","2016-10-01",1167.07279
"795","2016-10-02",1162.33881
"796","2016-10-03",1166.286967
"797","2016-10-04",1158.600206
"798","2016-10-05",1158.426579
"799","2016-10-06",1155.859595
"800","2016-10-07",1160.98988
"801","2016-10-08",1157.842852
"802","2016-10-09",1154.657599
"803","2016-10-10",1152.025177
"804","2016-10-11",1194.021046
"805","2016-10-12",1185.108836
"806","2016-10-13",1184.416912
"807","2016-10-14",1191.98446
"808","2016-10-15",1187.312597
"809","2016-10-16",1192.748683
"810","2016-10-17",1187.25737
"811","2016-10-18",1189.742532
"812","2016-10-19",1174.961866
"813","2016-10-20",1177.666844
"814","2016-10-21",1180.371569
"815","2016-10-22",1214.356197
"816","2016-10-23",1210.78025
"817","2016-10-24",1208.36687
"818","2016-10-25",1207.91755
"819","2016-10-26",1241.735674
"820","2016-10-27",1255.123936
"821","2016-10-28",1262.240381
"822","2016-10-29",1287.900149
"823","2016-10-30",1270.016005
"824","2016-10-31",1268.63125
"825","2016-11-01",1314.64956
"826","2016-11-02",1322.926391
"827","2016-11-03",1247.23296
"828","2016-11-04",1277.208992
"829","2016-11-05",1283.136212
"830","2016-11-06",1294.23753
"831","2016-11-07",1284.188215
"832","2016-11-08",1289.560016
"833","2016-11-09",1305.788432
"834","2016-11-10",1292.361537
"835","2016-11-11",1296.024779
"836","2016-11-12",1272.274569
"837","2016-11-13",1274.646216
"838","2016-11-14",1279.140946
"839","2016-11-15",1289.726401
"840","2016-11-16",1331.268352
"841","2016-11-17",1325.900894
"842","2016-11-18",1337.00649
"843","2016-11-19",1341.861116
"844","2016-11-20",1305.256941
"845","2016-11-21",1318.991448
"846","2016-11-22",1339.604622
"847","2016-11-23",1326.891422
"848","2016-11-24",1314.688779
"849","2016-11-25",1318.36293
"850","2016-11-26",1310.045278
"851","2016-11-27",1301.211145
"852","2016-11-28",1305.310547
"853","2016-11-29",1298.899128
"854","2016-11-30",1320.795879
"855","2016-12-01",1335.312753
"856","2016-12-02",1355.596019
"857","2016-12-03",1348.77674
"858","2016-12-04",1346.416818
"859","2016-12-05",1317.102757
"860","2016-12-06",1335.194882
"861","2016-12-07",1350.218178
"862","2016-12-08",1360.359189
"863","2016-12-09",1364.854831
"864","2016-12-10",1364.589829
"865","2016-12-11",1359.156601
"866","2016-12-12",1377.364975
"867","2016-12-13",1376.216363
"868","2016-12-14",1371.250179
"869","2016-12-15",1368.747782
"870","2016-12-16",1379.734194
"871","2016-12-17",1389.66582
"872","2016-12-18",1391.78965
"873","2016-12-19",1393.064098
"874","2016-12-20",1407.188626
"875","2016-12-21",1450.613045
"876","2016-12-22",1498.952869
"877","2016-12-23",1588.457862
"878","2016-12-24",1551.076176
"879","2016-12-25",1554.474914
"880","2016-12-26",1568.79067
"881","2016-12-27",1612.196501
"882","2016-12-28",1694.928115
"883","2016-12-29",1695.375091
"884","2016-12-30",1680.169704
"885","2016-12-31",1688.617567
"886","2017-01-01",1737.415591
"887","2017-01-02",1777.585922
"888","2017-01-03",1815.817644
"889","2017-01-04",1987.19312
"890","2017-01-05",1751.581785
"891","2017-01-06",1593.464083
"892","2017-01-07",1598.931487
"893","2017-01-08",1616.232233
"894","2017-01-09",1607.697761
"895","2017-01-10",1619.516888
"896","2017-01-11",1410.373237
"897","2017-01-12",1438.008742
"898","2017-01-13",1477.265662
"899","2017-01-14",1469.408086
"900","2017-01-15",1475.927448
"901","2017-01-16",1486.615191
"902","2017-01-17",1613.846449
"903","2017-01-18",1564.328999
"904","2017-01-19",1604.517307
"905","2017-01-20",1596.867672
"906","2017-01-21",1645.850845
"907","2017-01-22",1642.997961
"908","2017-01-23",1644.033082
"909","2017-01-24",1585.632276
"910","2017-01-25",1598.356644
"911","2017-01-26",1636.745618
"912","2017-01-27",1640.557501
"913","2017-01-28",1645.550408
"914","2017-01-29",1635.471486
"915","2017-01-30",1650.142729
"916","2017-01-31",1726.512763
"917","2017-02-01",1757.550234
"918","2017-02-02",1793.862495
"919","2017-02-03",1805.894962
"920","2017-02-04",1838.746924
"921","2017-02-05",1811.027108
"922","2017-02-06",1824.051393
"923","2017-02-07",1869.778414
"924","2017-02-08",1874.801064
"925","2017-02-09",1749.557673
"926","2017-02-10",1770.233166
"927","2017-02-11",1802.849261
"928","2017-02-12",1785.536988
"929","2017-02-13",1777.551944
"930","2017-02-14",1816.971845
"931","2017-02-15",1815.234639
"932","2017-02-16",1856.113859
"933","2017-02-17",1890.038525
"934","2017-02-18",1893.073379
"935","2017-02-19",1885.245268
"936","2017-02-20",1930.235892
"937","2017-02-21",2001.011344
"938","2017-02-22",1997.060932
"939","2017-02-23",2103.62325
"940","2017-02-24",2094.782904
"941","2017-02-25",2047.808366
"942","2017-02-26",2108.334576
"943","2017-02-27",2135.827828
"944","2017-02-28",2134.476475
"945","2017-03-01",2215.227432
"946","2017-03-02",2291.562039
"947","2017-03-03",2345.507426
"948","2017-03-04",2300.942608
"949","2017-03-05",2317.541299
"950","2017-03-06",2332.025534
"951","2017-03-07",2248.391678
"952","2017-03-08",2090.558155
"953","2017-03-09",2172.778481
"954","2017-03-10",2037.310122
"955","2017-03-11",2206.020879
"956","2017-03-12",2305.094901
"957","2017-03-13",2375.375331
"958","2017-03-14",2390.494307
"959","2017-03-15",2469.096568
"960","2017-03-16",2445.149731
"961","2017-03-17",2251.305762
"962","2017-03-18",1977.231594
"963","2017-03-19",2183.457377
"964","2017-03-20",2180.848486
"965","2017-03-21",2306.76126
"966","2017-03-22",2182.747341
"967","2017-03-23",2192.294259
"968","2017-03-24",2119.584593
"969","2017-03-25",2150.213194
"970","2017-03-26",2126.429602
"971","2017-03-27",2255.370147
"972","2017-03-28",2274.159845
"973","2017-03-29",2287.400008
"974","2017-03-30",2298.285798
"975","2017-03-31",2373.523009
"976","2017-04-01",2393.698718
"977","2017-04-02",2514.041781
"978","2017-04-03",2458.333487
"979","2017-04-04",2465.448703
"980","2017-04-05",2503.753756
"981","2017-04-06",2558.887114
"982","2017-04-07",2558.873333
"983","2017-04-08",2566.78912
"984","2017-04-09",2569.966759
"985","2017-04-10",2591.44745
"986","2017-04-11",2614.805563
"987","2017-04-12",2641.438344
"988","2017-04-13",2601.977407
"989","2017-04-14",2597.485282
"990","2017-04-15",2610.940695
"991","2017-04-16",2614.743913
"992","2017-04-17",2644.034824
"993","2017-04-18",2681.231545
"994","2017-04-19",2654.447674
"995","2017-04-20",2723.446755
"996","2017-04-21",2729.839298
"997","2017-04-22",2729.593503
"998","2017-04-23",2743.754497
"999","2017-04-24",2753.620474
"1000","2017-04-25",2778.740113
"1001","2017-04-26",2855.879138
"1002","2017-04-27",3022.018828
"1003","2017-04-28",3126.650667
"1004","2017-04-29",3174.96872
"1005","2017-04-30",3279.401557
"1006","2017-05-01",3332.326765
"1007","2017-05-02",3393.758248
"1008","2017-05-03",3547.618448
"1009","2017-05-04",3783.459057
"1010","2017-05-05",3850.648383
"1011","2017-05-06",4030.507623
"1012","2017-05-07",4170.183366
"1013","2017-05-08",4502.155158
"1014","2017-05-09",4428.155178
"1015","2017-05-10",4612.844658
"1016","2017-05-11",4687.249195
"1017","2017-05-12",4605.278094
"1018","2017-05-13",4722.396443
"1019","2017-05-14",4798.105983
"1020","2017-05-15",4809.959454
"1021","2017-05-16",4809.959454
"1022","2017-05-17",5491.978204
"1023","2017-05-18",5672.18302
"1024","2017-05-19",5997.808228
"1025","2017-05-20",6194.483501
"1026","2017-05-21",6480.957443
"1027","2017-05-22",6520.295185
"1028","2017-05-23",7153.138129
"1029","2017-05-24",7518.10555
"1030","2017-05-25",6928.013758
"1031","2017-05-26",6619.194665
"1032","2017-05-27",6083.235315
"1033","2017-05-28",6522.083546
"1034","2017-05-29",6863.330548
"1035","2017-05-30",6868.993716
"1036","2017-05-31",7313.223775
"1037","2017-06-01",7787.903648
"1038","2017-06-02",7940.360402
"1039","2017-06-03",7975.585629
"1040","2017-06-04",8246.037891
"1041","2017-06-05",8594.798119
"1042","2017-06-06",9073.520371
"1043","2017-06-07",8589.570359
"1044","2017-06-08",8893.548384
"1045","2017-06-09",9092.978335
"1046","2017-06-10",9636.301089
"1047","2017-06-11",9944.817377
"1048","2017-06-12",9732.891486
"1049","2017-06-13",9868.508772
"1050","2017-06-14",9067.913157
"1051","2017-06-15",8879.28907
"1052","2017-06-16",9162.902799
"1053","2017-06-17",9741.479719
"1054","2017-06-18",9487.431551
"1055","2017-06-19",9736.022248
"1056","2017-06-20",10024.29445
"1057","2017-06-21",9510.895953
"1058","2017-06-22",9545.910285
"1059","2017-06-23",9736.267638
"1060","2017-06-24",9239.952616
"1061","2017-06-25",8932.880649
"1062","2017-06-26",8299.52413
"1063","2017-06-27",8566.338169
"1064","2017-06-28",9044.482529
"1065","2017-06-29",8791.333193
"1066","2017-06-30",8471.914468
"1067","2017-07-01",8094.944699
"1068","2017-07-02",8475.134436
"1069","2017-07-03",8560.348103
"1070","2017-07-04",8594.197893
"1071","2017-07-05",8550.877834
"1072","2017-07-06",8553.752625
"1073","2017-07-07",7951.656711
"1074","2017-07-08",8130.531826
"1075","2017-07-09",7917.250716
"1076","2017-07-10",7136.984065
"1077","2017-07-11",6875.790368
"1078","2017-07-12",7393.320375
"1079","2017-07-13",7146.693881
"1080","2017-07-14",6736.247492
"1081","2017-07-15",6032.488712
"1082","2017-07-16",5623.179906
"1083","2017-07-17",6531.017101
"1084","2017-07-18",7164.820328
"1085","2017-07-19",6714.146519
"1086","2017-07-20",7905.069245
"1087","2017-07-21",7692.374026
"1088","2017-07-22",8198.274529
"1089","2017-07-23",8002.204611
"1090","2017-07-24",8033.30774
"1091","2017-07-25",7395.440267
"1092","2017-07-26",7247.405886
"1093","2017-07-27",7500.814913
"1094","2017-07-28",7818.24689
"1095","2017-07-29",7588.339329
"1096","2017-07-30",7476.493672
"1097","2017-07-31",7768.842015
"1098","2017-08-01",7850.188933
"1099","2017-08-02",7728.258095
"1100","2017-08-03",7950.68222
"1101","2017-08-04",8046.949453
"1102","2017-08-05",9031.68124
"1103","2017-08-06",9028.204969
"1104","2017-08-07",9400.209729
"1105","2017-08-08",9823.91339
"1106","2017-08-09",9675.119116
"1107","2017-08-10",9724.775687
"1108","2017-08-11",10143.83472
"1109","2017-08-12",10506.97468
"1110","2017-08-13",10730.41976
"1111","2017-08-14",10996.69307
"1112","2017-08-15",10841.25679
"1113","2017-08-16",11178.88397
"1114","2017-08-17",11461.10211
"1115","2017-08-18",10825.76524
"1116","2017-08-19",10908.49895
"1117","2017-08-20",10786.31674
"1118","2017-08-21",11044.57813
"1119","2017-08-22",11245.48521
"1120","2017-08-23",11462.22627
"1121","2017-08-24",11564.37369
"1122","2017-08-25",11725.91628
"1123","2017-08-26",11694.48995
"1124","2017-08-27",11794.96119
"1125","2017-08-28",12058.48002
"1126","2017-08-29",12495.41178
"1127","2017-08-30",12967.58326
"1128","2017-08-31",13429.87437
"1129","2017-09-01",13808.64474
"1130","2017-09-02",12697.92575
"1131","2017-09-03",12906.76591
"1132","2017-09-04",11664.57768
"1133","2017-09-05",12168.50941
"1134","2017-09-06",12676.01669
"1135","2017-09-07",12563.53995
"1136","2017-09-08",11712.46071
"1137","2017-09-09",11575.23722
"1138","2017-09-10",11274.79004
"1139","2017-09-11",11404.71412
"1140","2017-09-12",11275.29239
"1141","2017-09-13",10679.09454
"1142","2017-09-14",8414.229044
"1143","2017-09-15",9689.39634
"1144","2017-09-16",9692.35801
"1145","2017-09-17",9534.629771
"1146","2017-09-18",10885.06266
"1147","2017-09-19",10707.75546
"1148","2017-09-20",10617.02311
"1149","2017-09-21",9921.039778
"1150","2017-09-22",9819.529171
"1151","2017-09-23",10486.47192
"1152","2017-09-24",10614.3014
"1153","2017-09-25",10998.04874
"1154","2017-09-26",10782.65852
"1155","2017-09-27",11366.70984
"1156","2017-09-28",11058.24492
"1157","2017-09-29",10962.45445
"1158","2017-09-30",11351.10731
"1159","2017-10-01",11446.25358
"1160","2017-10-02",11443.18063
"1161","2017-10-03",11269.10546
"1162","2017-10-04",11097.64041
"1163","2017-10-05",11261.46929
"1164","2017-10-06",11471.4909
"1165","2017-10-07",11611.42932
"1166","2017-10-08",11894.59466
"1167","2017-10-09",11895.33619
"1168","2017-10-10",12025.67707
"1169","2017-10-11",12130.89593
"1170","2017-10-12",12843.38558
"1171","2017-10-13",13656.60741
"1172","2017-10-14",13755.63413
"1173","2017-10-15",13778.89211
"1174","2017-10-16",13787.9659
"1175","2017-10-17",13508.31173
"1176","2017-10-18",13334.0485
"1177","2017-10-19",13392.08601
"1178","2017-10-20",13681.07088
"1179","2017-10-21",13776.53292
"1180","2017-10-22",13661.53782
"1181","2017-10-23",13498.83297
"1182","2017-10-24",13060.16602
"1183","2017-10-25",13269.61142
"1184","2017-10-26",13499.62767
"1185","2017-10-27",13401.49457
"1186","2017-10-28",13384.0713
"1187","2017-10-29",14120.67111
"1188","2017-10-30",14128.95835
"1189","2017-10-31",14449.91273
"1190","2017-11-01",14869.46128
"1191","2017-11-02",15414.63154
"1192","2017-11-03",15880.48926
"1193","2017-11-04",15970.58528
"1194","2017-11-05",16013.31679
"1195","2017-11-06",15659.3479
"1196","2017-11-07",15772.90539
"1197","2017-11-08",16507.90108
"1198","2017-11-09",16446.62962
"1199","2017-11-10",15757.68675
"1200","2017-11-11",16115.4187
"1201","2017-11-12",15572.37612
"1202","2017-11-13",16177.24516
"1203","2017-11-14",16735.34732
"1204","2017-11-15",17597.77305
"1205","2017-11-16",17895.23672
"1206","2017-11-17",18354.36197
"1207","2017-11-18",18695.30912
"1208","2017-11-19",18905.10396
"1209","2017-11-20",19465.44935
"1210","2017-11-21",19168.40772
"1211","2017-11-22",19878.16303
"1212","2017-11-23",20410.34226
"1213","2017-11-24",21194.79377
"1214","2017-11-25",21905.81003
"1215","2017-11-26",22919.62122
"1216","2017-11-27",23907.72668
"1217","2017-11-28",24760.17497
"1218","2017-11-29",22897.33783
"1219","2017-11-30",24251.7514
"1220","2017-12-01",25927.54245
"1221","2017-12-02",25874.83554
"1222","2017-12-03",26167.41196
"1223","2017-12-04",27655.83851
"1224","2017-12-05",28773.2363
"1225","2017-12-06",30382.40255
"1226","2017-12-07",37055.04575
"1227","2017-12-08",35770.83609
"1228","2017-12-09",33264.96143
"1229","2017-12-10",33368.48
"1230","2017-12-11",36621.45502
"1231","2017-12-12",39636.24926
"1232","2017-12-13",39402.84099
"1233","2017-12-14",41990.06991
"1234","2017-12-15",43101.33917
"1235","2017-12-16",46296.36243
"1236","2017-12-17",46807.97194
"1237","2017-12-18",48795.65841
"1238","2017-12-19",49205.10296
"1239","2017-12-20",48494.25505
"1240","2017-12-21",47949.28581
"1241","2017-12-22",40537.65707
"1242","2017-12-23",44805.40925
"1243","2017-12-24",42768.68179
"1244","2017-12-25",42875.22529
"1245","2017-12-26",47440.63791
"1246","2017-12-27",47111.28421
"1247","2017-12-28",44592.60315
"1248","2017-12-29",48048.23896
"1249","2017-12-30",44812.19088
"1250","2017-12-31",48365.44489
"1251","2018-01-01",47588.09681
"1252","2018-01-02",51843.04291
"1253","2018-01-03",56888.01301
"1254","2018-01-04",58500.8183
"1255","2018-01-05",58899.68348
"1256","2018-01-06",62895.25939
"1257","2018-01-07",62848.82399
"1258","2018-01-08",57504.48488
"1259","2018-01-09",57166.86602
"1260","2018-01-10",56403.97559
"1261","2018-01-11",51050.86457
"1262","2018-01-12",55542.84586
"1263","2018-01-13",57821.91428
"1264","2018-01-14",54769.62015
"1265","2018-01-15",52535.52603
"1266","2018-01-16",40778.26805
"1267","2018-01-17",40692.53904
"1268","2018-01-18",42348.09815
"1269","2018-01-19",42675.47842
"1270","2018-01-20",47623.77815
"1271","2018-01-21",41822.08255
"1272","2018-01-22",39294.88978
"1273","2018-01-23",39023.13863
"1274","2018-01-24",40651.45077
"1275","2018-01-25",40621.42797
"1276","2018-01-26",39776.82789
"1277","2018-01-27",41243.26254
"1278","2018-01-28",43686.10855
"1279","2018-01-29",41566.84607
"1280","2018-01-30",41288.77912
"1281","2018-01-31",36777.1191
"1282","2018-02-01",37667.68313
"1283","2018-02-02",33370.50543
"1284","2018-02-03",31452.83534
"1285","2018-02-04",32465.31762
"1286","2018-02-05",29516.75724
"1287","2018-02-06",24039.06858
"1288","2018-02-07",27411.28287
"1289","2018-02-08",26497.8278
"1290","2018-02-09",28990.84918
"1291","2018-02-10",31198.67834
"1292","2018-02-11",31282.48985
"1293","2018-02-12",29718.34312
"1294","2018-02-13",32006.79571
"1295","2018-02-14",30889.20396
"1296","2018-02-15",34142.12374
"1297","2018-02-16",35447.94334
"1298","2018-02-17",35814.37807
"1299","2018-02-18",37914.44971
"1300","2018-02-19",35841.86338
"1301","2018-02-20",37130.18792
"1302","2018-02-21",36983.0935
"1303","2018-02-22",36690.59834
"1304","2018-02-23",32399.78765
"1305","2018-02-24",33774.23807
"1306","2018-02-25",32015.47341
"1307","2018-02-26",32282.40118
"1308","2018-02-27",33724.08675
"1309","2018-02-28",34345.64498
"1310","2018-03-01",33050.14601
"1311","2018-03-02",34186.74082
"1312","2018-03-03",34373.0474
"1313","2018-03-04",34542.5149
"1314","2018-03-05",34851.2297
"1315","2018-03-06",34946.61018
"1316","2018-03-07",32911.62332
"1317","2018-03-08",30696.70095
"1318","2018-03-09",28823.83893
"1319","2018-03-10",28802.07962
"1320","2018-03-11",27605.30285
"1321","2018-03-12",29277.38383
"1322","2018-03-13",28409.14445
"1323","2018-03-14",28246.69759
"1324","2018-03-15",25265.76598
"1325","2018-03-16",25339.2001
"1326","2018-03-17",25576.65807
"1327","2018-03-18",23938.24955
"1328","2018-03-19",24013.64324
"1329","2018-03-20",25557.1946
"1330","2018-03-21",26146.83332
"1331","2018-03-22",26253.72355
"1332","2018-03-23",25434.69966
"1333","2018-03-24",25480.90994
"1334","2018-03-25",24925.72827
"1335","2018-03-26",24673.69199
"1336","2018-03-27",23470.5622
"1337","2018-03-28",22292.8564
"1338","2018-03-29",22405.46443
"1339","2018-03-30",19945.99544
"1340","2018-03-31",19662.32317
"1341","2018-04-01",19758.65729
"1342","2018-04-02",19179.86259
"1343","2018-04-03",19836.73083
"1344","2018-04-04",21186.73729
"1345","2018-04-05",19325.09202
"1346","2018-04-06",19441.45843
"1347","2018-04-07",18693.65941
"1348","2018-04-08",19339.46774
"1349","2018-04-09",19728.02934
"1350","2018-04-10",19371.72905
"1351","2018-04-11",19614.47594
"1352","2018-04-12",20358.72617
"1353","2018-04-13",22991.21312
"1354","2018-04-14",22979.6367
"1355","2018-04-15",23117.80423
"1356","2018-04-16",24411.88024
"1357","2018-04-17",23830.16875
"1358","2018-04-18",23530.92459
"1359","2018-04-19",24779.08693
"1360","2018-04-20",26061.92158
"1361","2018-04-21",27597.5128
"1362","2018-04-22",28026.61972
"1363","2018-04-23",28062.72042
"1364","2018-04-24",28951.205
"1365","2018-04-25",31671.65866
"1366","2018-04-26",28205.37682
"1367","2018-04-27",29977.15552
"1368","2018-04-28",29147.5142
"1369","2018-04-29",30639.1297
"1370","2018-04-30",31331.35692
"1371","2018-05-01",30253.64684
"1372","2018-05-02",30191.75528
"1373","2018-05-03",30722.88554
"1374","2018-05-04",32510.02033
"1375","2018-05-05",32491.57092
"1376","2018-05-06",33430.97631
"1377","2018-05-07",32750.57607
"1378","2018-05-08",31565.56798
"1379","2018-05-09",31027.32244
"1380","2018-05-10",31102.09306
"1381","2018-05-11",29828.90734
"1382","2018-05-12",27634.15668
"1383","2018-05-13",28148.73795
"1384","2018-05-14",29243.11465
"1385","2018-05-15",29115.71744
"1386","2018-05-16",27983.7833
"1387","2018-05-17",27690.04233
"1388","2018-05-18",26429.30847
"1389","2018-05-19",27044.56321
"1390","2018-05-20",26892.88316
"1391","2018-05-21",27934.04266
"1392","2018-05-22",27440.87567
"1393","2018-05-23",25891.09714
"1394","2018-05-24",23995.07506
"1395","2018-05-25",24609.51746
"1396","2018-05-26",24066.49875
"1397","2018-05-27",23795.06782
"1398","2018-05-28",23590.06629
"1399","2018-05-29",22109.11795
"1400","2018-05-30",23686.37178
"1401","2018-05-31",23494.87395
"1402","2018-06-01",23939.0156
"1403","2018-06-02",24106.17392
"1404","2018-06-03",24731.1309
"1405","2018-06-04",25325.67832
"1406","2018-06-05",24493.39897
"1407","2018-06-06",24998.55928
"1408","2018-06-07",24957.96713
"1409","2018-06-08",24958.91739
"1410","2018-06-09",24714.61062
"1411","2018-06-10",24224.50338
"1412","2018-06-11",21757.76606
"1413","2018-06-12",22163.66605
"1414","2018-06-13",20841.71742
"1415","2018-06-14",20003.55753
"1416","2018-06-15",21256.30235
"1417","2018-06-16",20281.32228
"1418","2018-06-17",20490.38231
"1419","2018-06-18",20305.87702
"1420","2018-06-19",21134.4935
"1421","2018-06-20",21450.24732
"1422","2018-06-21",21321.10834
"1423","2018-06-22",21149.42438
"1424","2018-06-23",19016.68159
"1425","2018-06-24",19236.5515
"1426","2018-06-25",18858.89815
"1427","2018-06-26",19117.31872
"1428","2018-06-27",18228.69407
"1429","2018-06-28",18541.36339
"1430","2018-06-29",17714.35831
"1431","2018-06-30",18483.00886
"1432","2018-07-01",19112.83607
"1433","2018-07-02",18985.64819
"1434","2018-07-03",20023.71424
"1435","2018-07-04",19672.02393
"1436","2018-07-05",19886.29039
"1437","2018-07-06",19752.80234
"1438","2018-07-07",19789.17462
"1439","2018-07-08",20270.65502
"1440","2018-07-09",20111.70291
"1441","2018-07-10",19712.33827
"1442","2018-07-11",18513.14303
"1443","2018-07-12",18798.72259
"1444","2018-07-13",18278.50638
"1445","2018-07-14",18453.04859
"1446","2018-07-15",18489.57333
"1447","2018-07-16",18938.15797
"1448","2018-07-17",20293.19577
"1449","2018-07-18",21602.36098
"1450","2018-07-19",21362.00122
"1451","2018-07-20",21373.8021
"1452","2018-07-21",20596.57879
"1453","2018-07-22",20934.1194
"1454","2018-07-23",20890.96163
"1455","2018-07-24",21237.08262
"1456","2018-07-25",22831.83629
"1457","2018-07-26",22322.25324
"1458","2018-07-27",21774.81724
"1459","2018-07-28",22222.07994
"1460","2018-07-29",22284.0277
"1461","2018-07-30",22294.20274
"1462","2018-07-31",22028.87432
"1463","2018-08-01",20869.60012
"1464","2018-08-02",20549.67333
"1465","2018-08-03",20165.15865
"1466","2018-08-04",20085.63202
"1467","2018-08-05",19189.28253
"1468","2018-08-06",19356.84451
"1469","2018-08-07",19023.26395
"1470","2018-08-08",18144.30801
"1471","2018-08-09",16714.54837
"1472","2018-08-10",17390.08309
"1473","2018-08-11",16289.25141
"1474","2018-08-12",16038.80728
"1475","2018-08-13",16251.41589
"1476","2018-08-14",15653.08681
"1477","2018-08-15",15362.86834
"1478","2018-08-16",15524.88732
"1479","2018-08-17",15697.19747
"1480","2018-08-18",16967.81322
"1481","2018-08-19",16163.36842
"1482","2018-08-20",16490.42022
"1483","2018-08-21",15590.52386
"1484","2018-08-22",16155.20331
"1485","2018-08-23",15694.29401
"1486","2018-08-24",16149.06637
"1487","2018-08-25",16487.33695
"1488","2018-08-26",16548.53651
"1489","2018-08-27",16396.71376
"1490","2018-08-28",17061.22576
"1491","2018-08-29",17667.36745
"1492","2018-08-30",17460.66265
"1493","2018-08-31",17305.06928
"1494","2018-09-01",17365.23616
"1495","2018-09-02",18033.71848
"1496","2018-09-03",18148.82
"1497","2018-09-04",17966.99808
"1498","2018-09-05",18108.51437
"1499","2018-09-06",16071.19151
"1500","2018-09-07",15703.78812
"1501","2018-09-08",15310.5933
"1502","2018-09-09",14633.34072
"1503","2018-09-10",14813.7792
"1504","2018-09-11",14811.99627
"1505","2018-09-12",14590.48596
"1506","2018-09-13",14640.07858
"1507","2018-09-14",15344.5202
"1508","2018-09-15",15305.56352
"1509","2018-09-16",15492.95958
"1510","2018-09-17",15424.56382
"1511","2018-09-18",14609.68244
"1512","2018-09-19",15159.08314
"1513","2018-09-20",15220.42365
"1514","2018-09-21",16144.94289
"1515","2018-09-22",17374.73891
"1516","2018-09-23",17260.44804
"1517","2018-09-24",17339.02752
"1518","2018-09-25",16555.7978
"1519","2018-09-26",16294.42558
"1520","2018-09-27",16336.60608
"1521","2018-09-28",17113.91757
"1522","2018-09-29",16870.58894
"1523","2018-09-30",17014.01727
"1524","2018-10-01",17078.00422
"1525","2018-10-02",17021.94979
"1526","2018-10-03",16602.03577
"1527","2018-10-04",16517.41659
"1528","2018-10-05",16666.46013
"1529","2018-10-06",16790.72163
"1530","2018-10-07",16569.25475
"1531","2018-10-08",16598.97089
"1532","2018-10-09",16827.4432
"1533","2018-10-10",16705.30468
"1534","2018-10-11",16525.9355
"1535","2018-10-12",15050.19052
"1536","2018-10-13",15355.43717
"1537","2018-10-14",15470.59004
"1538","2018-10-15",15342.49212
"1539","2018-10-16",16276.02719
"1540","2018-10-17",16328.89946
"1541","2018-10-18",16341.44968
"1542","2018-10-19",15988.94526
"1543","2018-10-20",15931.05862
"1544","2018-10-21",16076.34793
"1545","2018-10-22",16053.00353
"1546","2018-10-23",15994.74901
"1547","2018-10-24",15882.57172
"1548","2018-10-25",15896.50079
"1549","2018-10-26",15860.77897
"1550","2018-10-27",15883.98635
"1551","2018-10-28",15820.11374
"1552","2018-10-29",15910.01881
"1553","2018-10-30",15336.0317
"1554","2018-10-31",15461.70751
"1555","2018-11-01",15574.38297
"1556","2018-11-02",15641.64182
"1557","2018-11-03",15641.64182
"1558","2018-11-04",15761.36497
"1559","2018-11-05",15935.27961
"1560","2018-11-06",16197.19771
"1561","2018-11-07",16751.1112
"1562","2018-11-08",16788.87427
"1563","2018-11-09",16405.77035
"1564","2018-11-10",16203.74618
"1565","2018-11-11",16240.42649
"1566","2018-11-12",16237.48902
"1567","2018-11-13",16213.38144
"1568","2018-11-14",16074.78232
"1569","2018-11-15",14504.2448
"1570","2018-11-16",14332.57452
"1571","2018-11-17",14027.91541
"1572","2018-11-18",14088.18689
"1573","2018-11-19",14136.47307
"1574","2018-11-20",13407.03227
"1575","2018-11-21",11028.63065
"1576","2018-11-22",11580.68346
"1577","2018-11-23",10842.0089
"1578","2018-11-24",10792.11731
"1579","2018-11-25",9682.293882
"1580","2018-11-26",9962.750187
"1581","2018-11-27",9460.132623
"1582","2018-11-28",9473.017754
"1583","2018-11-29",10463.50468
"1584","2018-11-30",10350.59819
"1585","2018-12-01",10350.59819
"1586","2018-12-02",10190.15365
"1587","2018-12-03",10003.56528
"1588","2018-12-04",9417.657124
"1589","2018-12-05",9513.722081
"1590","2018-12-06",9027.140252
"1591","2018-12-07",8211.87305
"1592","2018-12-08",8119.73085
"1593","2018-12-09",8124.584181
"1594","2018-12-10",8420.090968
"1595","2018-12-11",8119.354787
"1596","2018-12-12",7985.814608
"1597","2018-12-13",8130.098071
"1598","2018-12-14",7802.583183
"1599","2018-12-15",7598.883357
"1600","2018-12-16",7597.583542
"1601","2018-12-17",7633.569783
"1602","2018-12-18",8422.180602
"1603","2018-12-19",8858.823248
"1604","2018-12-20",8931.576968
"1605","2018-12-21",9868.119243
"1606","2018-12-22",9446.646827
"1607","2018-12-23",9690.662688
"1608","2018-12-24",9890.979202
"1609","2018-12-25",10268.36612
"1610","2018-12-26",9484.603738
"1611","2018-12-27",9585.082085
"1612","2018-12-28",8907.677913
"1613","2018-12-29",9726.786908
"1614","2018-12-30",9728.17573
"1615","2018-12-31",9651.907881
"1616","2019-01-01",9401.674578
"1617","2019-01-02",9707.099083
"1618","2019-01-03",10069.57668
"1619","2019-01-04",9735.195988
"1620","2019-01-05",9884.122463
"1621","2019-01-06",9833.276351
"1622","2019-01-07",10318.21741
"1623","2019-01-08",10198.60787
"1624","2019-01-09",10204.74677
"1625","2019-01-10",10280.70146
"1626","2019-01-11",9205.821717
"1627","2019-01-12",9136.557934
"1628","2019-01-13",9108.736653
"1629","2019-01-14",8731.71918
"1630","2019-01-15",9247.245035
"1631","2019-01-16",8982.009375
"1632","2019-01-17",9107.649033
"1633","2019-01-18",9149.210868
"1634","2019-01-19",9055.223018
"1635","2019-01-20",9247.065152
"1636","2019-01-21",8911.628594
"1637","2019-01-22",8892.60229
"1638","2019-01-23",8999.530967
"1639","2019-01-24",8948.408964
"1640","2019-01-25",8980.575927
"1641","2019-01-26",8964.320481
"1642","2019-01-27",8967.97257
"1643","2019-01-28",8889.918031
"1644","2019-01-29",8488.340942
"1645","2019-01-30",8427.141896
"1646","2019-01-31",8672.283768
"1647","2019-02-01",8726.195976
"1648","2019-02-02",8785.661176
"1649","2019-02-03",8858.248441
"1650","2019-02-04",8766.779005
"1651","2019-02-05",8784.920991
"1652","2019-02-06",8793.127435
"1653","2019-02-07",8607.288523
"1654","2019-02-08",8612.979153
"1655","2019-02-09",9331.149128
"1656","2019-02-10",9407.476359
"1657","2019-02-11",9464.571812
"1658","2019-02-12",9326.06602
"1659","2019-02-13",9365.615993
"1660","2019-02-14",9288.950522
"1661","2019-02-15",9221.470286
"1662","2019-02-16",9259.721608
"1663","2019-02-17",9312.820816
"1664","2019-02-18",9531.346823
"1665","2019-02-19",10157.48788
"1666","2019-02-20",10231.64758
"1667","2019-02-21",10489.34327
"1668","2019-02-22",10282.06551
"1669","2019-02-23",10419.76865
"1670","2019-02-24",10846.13902
"1671","2019-02-25",9794.542792
"1672","2019-02-26",10031.69096
"1673","2019-02-27",9942.999594
"1674","2019-02-28",9949.724474
"1675","2019-03-01",9948.993565
"1676","2019-03-02",9980.02694
"1677","2019-03-03",9950.494211
"1678","2019-03-04",9895.53097
"1679","2019-03-05",9611.843285
"1680","2019-03-06",10075.29815
"1681","2019-03-07",10117.88343
"1682","2019-03-08",10136.68205
"1683","2019-03-09",10058.41117
"1684","2019-03-10",10291.95744
"1685","2019-03-11",10263.97973
"1686","2019-03-12",10099.35046
"1687","2019-03-13",10177.32239
"1688","2019-03-14",10143.67396
"1689","2019-03-15",10186.29674
"1690","2019-03-16",10365.10845
"1691","2019-03-17",10603.62021
"1692","2019-03-18",10510.44648
"1693","2019-03-19",10518.16491
"1694","2019-03-20",10583.17916
"1695","2019-03-21",10670.79362
"1696","2019-03-22",10476.66685
"1697","2019-03-23",10541.63881
"1698","2019-03-24",10609.16279
"1699","2019-03-25",10558.90173
"1700","2019-03-26",10478.84798
"1701","2019-03-27",10381.57622
"1702","2019-03-28",10708.37849
"1703","2019-03-29",10650.43764
"1704","2019-03-30",10862.01323
"1705","2019-03-31",10851.86011
"1706","2019-04-01",10881.37184
"1707","2019-04-02",10992.27916
"1708","2019-04-03",12891.13607
"1709","2019-04-04",13086.99518
"1710","2019-04-05",12849.75134
"1711","2019-04-06",13302.0045
"1712","2019-04-07",13343.78718
"1713","2019-04-08",13683.22132
"1714","2019-04-09",13834.15546
"1715","2019-04-10",13549.16019
"1716","2019-04-11",13870.0089317887
"1717","2019-04-12",13029.6948680326
"1718","2019-04-13",13082.5552268194
"1719","2019-04-14",13038.2624610729
"1720","2019-04-15",13285.3341469936
"1721","2019-04-16",13005.7473581696
"1722","2019-04-17",13372.8329339469
"1723","2019-04-18",13398.5186133726
"1724","2019-04-19",13624.4486831199
"1725","2019-04-20",13622.8294716556
"1726","2019-04-21",13646.3002256915
"1727","2019-04-22",13490.4833342203
"1728","2019-04-23",13620.3531413736
"1729","2019-04-24",13805.9534806514
"1730","2019-04-25",13420.7670872761
"1731","2019-04-26",12789.3059434556
"1732","2019-04-27",12990.1840589664
"1733","2019-04-28",12993.8285623432
"1734","2019-04-29",12914.1124207778
"1735","2019-04-30",12697.6684456663
"1736","2019-05-01",13078.7144847367
"1737","2019-05-02",13148.5360848277
"1738","2019-05-03",13341.1792283171
"1739","2019-05-04",13959.226509302
"1740","2019-05-05",14042.0108104657
"1741","2019-05-06",13938.1869327034
"1742","2019-05-07",13978.6045581291
"1743","2019-05-08",14233.2394261869
"1744","2019-05-09",14345.1981535074
"1745","2019-05-10",14736.9145642074
"1746","2019-05-11",15098.8873607358
"1747","2019-05-12",17372.5751916312
"1748","2019-05-13",16452.6569409294
"1749","2019-05-14",18191.4835798735
"1750","2019-05-15",19150.4853716655
"1751","2019-05-16",20059.1837464504
"1752","2019-05-17",19548.5470157932
"1753","2019-05-18",18195.3357496535
"1754","2019-05-19",17937.7048477499
"1755","2019-05-20",20046.58763064
"1756","2019-05-21",19490.5666542174
"1757","2019-05-22",19546.0343336326
"1758","2019-05-23",18751.8450766664
"1759","2019-05-24",19155.5147683492
"1760","2019-05-25",19430.5103526343
"1761","2019-05-26",19552.9230227669
"1762","2019-05-27",20926.8001411315
"1763","2019-05-28",21627.6837986176
"1764","2019-05-29",21468.0816394271
"1765","2019-05-30",21296.08323763
"1766","2019-05-31",20411.0397072212
"1767","2019-06-01",21216.4441579805
"1768","2019-06-02",21006.0374952079
"1769","2019-06-03",21464.3517785094
"1770","2019-06-04",20046.2006677971
"1771","2019-06-05",18833.2263186572
"1772","2019-06-06",19218.1550628104
"1773","2019-06-07",19352.6855330898
"1774","2019-06-08",19797.2843783372
"1775","2019-06-09",19462.161922116
"1776","2019-06-10",18693.134589236
"1777","2019-06-11",19535.3816219078
"1778","2019-06-12",19300.318736777
"1779","2019-06-13",19912.4048546581
"1780","2019-06-14",20064.2311404522
"1781","2019-06-15",21043.5245104107
"1782","2019-06-16",21342.0318141197
"1783","2019-06-17",21801.9154804164
"1784","2019-06-18",22461.9155125748
"1785","2019-06-19",21866.4359726046
"1786","2019-06-20",22264.7213106931
"1787","2019-06-21",22784.0374946538
"1788","2019-06-22",24087.9169527718
"1789","2019-06-23",25544.2966431125
"1790","2019-06-24",25725.588946411
"1791","2019-06-25",26082.7843696457
"1792","2019-06-26",27490.2894797922
"1793","2019-06-27",29733.3762322391
"1794","2019-06-28",25680.536025263
"1795","2019-06-29",27994.5691919855
"1796","2019-06-30",27518.4958864825
"1797","2019-07-01",25046.0393806649
"1798","2019-07-02",24707.1957863349
"1799","2019-07-03",24831.2730726584
"1800","2019-07-04",27150.4892901981
"1801","2019-07-05",25536.6561729407
"1802","2019-07-06",25081.4288069359
"1803","2019-07-07",25709.7108933542
"1804","2019-07-08",26133.4647348648
"1805","2019-07-09",27676.2695660506
"1806","2019-07-10",28076.0415742078
"1807","2019-07-11",27057.5261869446
"1808","2019-07-12",25139.5815375957
"1809","2019-07-13",26077.6200499334
"1810","2019-07-14",25232.6609398904
"1811","2019-07-15",22562.2683083152
"1812","2019-07-16",23879.3328758936
"1813","2019-07-17",20920.610434095
"1814","2019-07-18",21370.3003803557
"1815","2019-07-19",23440.3856872334
"1816","2019-07-20",23110.4185944411
"1817","2019-07-21",23585.1282380581
"1818","2019-07-22",23402.7993424541
"1819","2019-07-23",22771.2515015601
"1820","2019-07-24",21893.2063117012
"1821","2019-07-25",21809.9819713225
"1822","2019-07-26",21945.3793411889
"1823","2019-07-27",21928.820759025
"1824","2019-07-28",20974.6242107426
"1825","2019-07-29",21242.0540256971
"1826","2019-07-30",21104.5836755058
"1827","2019-07-31",21304.0113465034
"1828","2019-08-01",22332.8372991482
"1829","2019-08-02",22832.5804379519
"1830","2019-08-03",23098.9447141024
"1831","2019-08-04",23611.4540380855
"1832","2019-08-05",23910.3352117836
"1833","2019-08-06",25562.223476076
"1834","2019-08-07",24800.5904473699
"1835","2019-08-08",25663.1831194608
"1836","2019-08-09",25648.4100007355
"1837","2019-08-10",25181.4005104596
"1838","2019-08-11",24271.33536043
"1839","2019-08-12",24821.9440476677
"1840","2019-08-13",24435.165753031
"1841","2019-08-14",23580.0097848084
"1842","2019-08-15",21490.9812663724
"1843","2019-08-16",22041.1769457264
"1844","2019-08-17",22060.5337005694
"1845","2019-08-18",21902.4013560376
"1846","2019-08-19",22243.7397894297
"1847","2019-08-20",23385.2162027687
"1848","2019-08-21",22985.3482045326
"1849","2019-08-22",21736.655058784
"1850","2019-08-23",21846.9835565859
"1851","2019-08-24",22558.7218640749
"1852","2019-08-25",21861.2959386275
"1853","2019-08-26",21687.8267098549
"1854","2019-08-27",22144.3052810557
"1855","2019-08-28",21837.1037013077
"1856","2019-08-29",20822.2656064295
"1857","2019-08-30",20313.0907351079
"1858","2019-08-31",20495.6241136257
"1859","2019-09-01",20574.1035470629
"1860","2019-09-02",20776.0201746408
"1861","2019-09-03",21885.4147719606
"1862","2019-09-04",22523.0901538563
"1863","2019-09-05",22338.7256758193
"1864","2019-09-06",22309.2639979267
"1865","2019-09-07",21856.8896910096
"1866","2019-09-08",22213.4137800859
"1867","2019-09-09",22148.434492183
"1868","2019-09-10",22032.5783219427
"1869","2019-09-11",21645.9954581759
"1870","2019-09-12",21667.9741624609
"1871","2019-09-13",22133.6484311844
"1872","2019-09-14",22067.4884937366
"1873","2019-09-15",22181.3616158918
"1874","2019-09-16",22099.8194718652
"1875","2019-09-17",22139.5620582977
"1876","2019-09-18",22304.4053360093
"1877","2019-09-19",22373.1927007826
"1878","2019-09-20",22588.0367366386
"1879","2019-09-21",22376.2745163094
"1880","2019-09-22",22013.3783524146
"1881","2019-09-23",21990.1240681292
"1882","2019-09-24",21162.7762351146
"1883","2019-09-25",19010.1917668513
"1884","2019-09-26",18423.360335165
"1885","2019-09-27",17704.6991833341
"1886","2019-09-28",17936.8832321526
"1887","2019-09-29",17996.8694534127
"1888","2019-09-30",17661.4387443565
"1889","2019-10-01",18229.0613770139
"1890","2019-10-02",18393.6672233095
"1891","2019-10-03",18393.6672233095
"1892","2019-10-04",18019.2155777596
"1893","2019-10-05",17969.5032150683
"1894","2019-10-06",17950.6139765986
"1895","2019-10-07",17443.628105359
"1896","2019-10-08",18187.4175240114
"1897","2019-10-09",18194.7929966913
"1898","2019-10-10",19063.314196571
"1899","2019-10-11",18954.6644300406
"1900","2019-10-12",18278.6169762244
"1901","2019-10-13",18378.0591456259
"1902","2019-10-14",18405.5543308395
"1903","2019-10-15",18580.6441590359
"1904","2019-10-16",18217.8946216327
"1905","2019-10-17",17824.9249627651
"1906","2019-10-18",18063.8869801902
"1907","2019-10-19",17758.0349525934
"1908","2019-10-20",17714.5316506148
"1909","2019-10-21",18258.2070359844
"1910","2019-10-22",18274.4619812742
"1911","2019-10-23",17907.0732595987
"1912","2019-10-24",16671.1204927733
"1913","2019-10-25",16618.1900324243
"1914","2019-10-26",19151.6904053174
"1915","2019-10-27",20170.3380858111
"1916","2019-10-28",20713.0529519724
"1917","2019-10-29",20202.112239429
"1918","2019-10-30",20718.5179033022
"1919","2019-10-31",20191.2498216427
"1920","2019-11-01",20163.6853269348
"1921","2019-11-02",20280.5878397307
"1922","2019-11-03",20448.6284444162
"1923","2019-11-04",20264.7999083472
"1924","2019-11-05",20653.1021103207
"1925","2019-11-06",20629.7507565201
"1926","2019-11-07",20795.8539783562
"1927","2019-11-08",20453.9990733858
"1928","2019-11-09",19596.5904372576
"1929","2019-11-10",19717.212174912
"1930","2019-11-11",20178.5651037229
"1931","2019-11-12",19612.0833059663
"1932","2019-11-13",19719.8677016632
"1933","2019-11-14",19710.8229944041
"1934","2019-11-15",19444.0553361171
"1935","2019-11-16",19000.8266360531
"1936","2019-11-17",19075.1105118183
"1937","2019-11-18",19102.2862860154
"1938","2019-11-19",18395.1054234304
"1939","2019-11-20",18177.9646946429
"1940","2019-11-21",18067.4347999517
"1941","2019-11-22",17029.2765352013
"1942","2019-11-23",16218.6283158077
"1943","2019-11-24",16360.9183125092
"1944","2019-11-25",15541.9397358018
"1945","2019-11-26",15817.5728788757
"1946","2019-11-27",15984.7746882925
"1947","2019-11-28",16597.7045207545
"1948","2019-11-29",16498.7447331385
"1949","2019-11-30",17065.1079416068
"1950","2019-12-01",16724.6113799353
"1951","2019-12-02",16447.4813383199
"1952","2019-12-03",16232.5827947462
"1953","2019-12-04",16173.9542127723
"1954","2019-12-05",15999.8173691366
"1955","2019-12-06",16316.8605092554
"1956","2019-12-07",16548.3264121885
"1957","2019-12-08",16538.2845396607
"1958","2019-12-09",16625.9189005953
"1959","2019-12-10",16293.1547825035
"1960","2019-12-11",16054.419738058
"1961","2019-12-12",15941.0380657812
"1962","2019-12-13",15988.4447196804
"1963","2019-12-14",16067.6480974227
"1964","2019-12-15",15712.998247964
"1965","2019-12-16",15805.213630643
"1966","2019-12-17",15214.9100932639
"1967","2019-12-18",14431.2046926301
"1968","2019-12-19",15696.0084093441
"1969","2019-12-20",15449.0166439688
"1970","2019-12-21",15570.9342502818
"1971","2019-12-22",15447.6252948685
"1972","2019-12-23",16081.6151493748
"1973","2019-12-24",15790.385131604
"1974","2019-12-25",15646.7905546641
"1975","2019-12-26",15525.3171874755
"1976","2019-12-27",15561.7665730169
"1977","2019-12-28",15657.7977911372
"1978","2019-12-29",15836.7973045988
"1979","2019-12-30",16068.7230522494
"1980","2019-12-31",15755.0901059498
"1981","2020-01-01",15625.2820962494
"1982","2020-01-02",15653.4140345525
"1983","2020-01-03",15156.8244197241
"1984","2020-01-04",15938.686506154
"1985","2020-01-05",16033.646203017
"1986","2020-01-06",16052.7525161215
"1987","2020-01-07",16995.9275622405
"1988","2020-01-08",17607.1828701642
"1989","2020-01-09",17370.9401388683
"1990","2020-01-10",16945.1988655536
"1991","2020-01-11",17669.460869946
"1992","2020-01-12",17528.8794387146
"1993","2020-01-13",17868.5033418109
"1994","2020-01-14",17765.6510566839
"1995","2020-01-15",19837.6800121672
"1996","2020-01-16",19795.0180451768
"1997","2020-01-17",19606.8035011684
"1998","2020-01-18",20157.0693925875
"1999","2020-01-19",20040.0131009025
"2000","2020-01-20",19556.8527882667
"2001","2020-01-21",19543.3808807629
"2002","2020-01-22",19761.6685064856
"2003","2020-01-23",19647.6069472157
"2004","2020-01-24",18946.7501222225
"2005","2020-01-25",18988.6078104713
"2006","2020-01-26",18793.0324104048
"2007","2020-01-27",19417.165640398
"2008","2020-01-28",20034.795338227
"2009","2020-01-29",20924.9526165313
"2010","2020-01-30",20868.8221645479
"2011","2020-01-31",21493.8421287631
"2012","2020-02-01",21008.2274860603
"2013","2020-02-02",21167.4337645195
"2014","2020-02-03",21213.3727331893
"2015","2020-02-04",21211.121070033
"2016","2020-02-05",20994.5779789395
"2017","2020-02-06",22111.7160377383
"2018","2020-02-07",22509.8014242247
"2019","2020-02-08",22706.1784544004
"2020","2020-02-09",22954.7359156289
"2021","2020-02-10",23528.3146429592
"2022","2020-02-11",23008.0942647001
"2023","2020-02-12",23818.7631322796
"2024","2020-02-13",24413.7511424401
"2025","2020-02-14",24332.0072730865
"2026","2020-02-15",24730.3436156783
"2027","2020-02-16",23475.765704262
"2028","2020-02-17",23432.5987007126
"2029","2020-02-18",22989.9121557425
"2030","2020-02-19",24082.769087843
"2031","2020-02-20",22724.8606909608
"2032","2020-02-21",22560.8809688257
"2033","2020-02-22",22862.6315083855
"2034","2020-02-23",22729.2739615799
"2035","2020-02-24",23514.9220611661
"2036","2020-02-25",22725.8761793628
"2037","2020-02-26",21880.7832975396
"2038","2020-02-27",20433.7958496878
"2039","2020-02-28",20421.5931773223
"2040","2020-02-29",20308.6629420226
"2041","2020-03-01",19865.6864124751
"2042","2020-03-02",19853.4715969029
"2043","2020-03-03",20728.5560971263
"2044","2020-03-04",20360.0253198012
"2045","2020-03-05",20337.4891251844
"2046","2020-03-06",20937.8100787436
"2047","2020-03-07",21342.0776159233
"2048","2020-03-08",20789.2317001675
"2049","2020-03-09",18599.7770616962
"2050","2020-03-10",18369.9434932765
"2051","2020-03-11",18376.4801667788
"2052","2020-03-12",18331.6769891149
"2053","2020-03-13",11728.0875732524
"2054","2020-03-14",12922.9628662161
"2055","2020-03-15",12157.3225351864
"2056","2020-03-16",12576.0958784665
"2057","2020-03-17",11694.8249648417
"2058","2020-03-18",12437.3798148677
"2059","2020-03-19",12423.7944586987
"2060","2020-03-20",14228.848580753
"2061","2020-03-21",14159.0863672022
"2062","2020-03-22",14106.277385814
"2063","2020-03-23",13424.3825020612
"2064","2020-03-24",14713.1716189356
"2065","2020-03-25",15287.8046515112
"2066","2020-03-26",15177.6057819276
"2067","2020-03-27",15397.5995088426
"2068","2020-03-28",14669.0476679833
"2069","2020-03-29",14353.9823202367
"2070","2020-03-30",13664.7557054757
"2071","2020-03-31",14653.4220897053
"2072","2020-04-01",14720.7057597614
"2073","2020-04-02",15068.7988220092
"2074","2020-04-03",15740.7093965357
"2075","2020-04-04",15611.3088150591
"2076","2020-04-05",15886.6255377152
"2077","2020-04-06",15727.7607301145
"2078","2020-04-07",17048.9129987419
"2079","2020-04-08",16811.5185891209
"2080","2020-04-09",17145.2940859839
"2081","2020-04-10",17087.7674288669
"2082","2020-04-11",16081.4969197975
"2083","2020-04-12",16115.6611380446
"2084","2020-04-13",16217.710452957
"2085","2020-04-14",16098.2376062495
"2086","2020-04-15",16070.5800225638
"2087","2020-04-16",15555.4491307128
"2088","2020-04-17",16612.8793699798
"2089","2020-04-18",16549.7888443074
"2090","2020-04-19",17154.516036087
"2091","2020-04-20",16831.0669069121
"2092","2020-04-21",16189.0104102878
"2093","2020-04-22",16159.8831848999
"2094","2020-04-23",16819.5782240761
"2095","2020-04-24",17426.6752183605
"2096","2020-04-25",17649.1640205098
"2097","2020-04-26",17739.7818513094
"2098","2020-04-27",18173.1156500445
"2099","2020-04-28",18331.3301831596
"2100","2020-04-29",18379.3261211184
"2101","2020-04-30",20455.8322561696
"2102","2020-05-01",23035.3605488184
"2103","2020-05-02",23587.0349506992
"2104","2020-05-03",23936.4583250128
"2105","2020-05-04",23659.66543117
"2106","2020-05-05",23486.351660261
"2107","2020-05-06",23802.9233450222
"2108","2020-05-07",24043.9804960512
"2109","2020-05-08",25849.1500057328
"2110","2020-05-09",25572.680169347
"2111","2020-05-10",25070.8846759573
"2112","2020-05-11",23356.4772611085
"2113","2020-05-12",22621.839409768
"2114","2020-05-13",23097.6959674101
"2115","2020-05-14",23139.0286825909
"2116","2020-05-15",25171.1329980029
"2117","2020-05-16",24214.6392923159
"2118","2020-05-17",24420.6480081485
"2119","2020-05-18",25035.0511422071
"2120","2020-05-19",25297.3645726356
"2121","2020-05-20",25312.9775013739
"2122","2020-05-21",24563.7243293897
"2123","2020-05-22",23883.4539860899
"2124","2020-05-23",24069.2229797091
"2125","2020-05-24",24048.3163684598
"2126","2020-05-25",23213.5209408537
"2127","2020-05-26",23475.550078961
"2128","2020-05-27",23318.6138385452
"2129","2020-05-28",25033.1956395293
"2130","2020-05-29",25044.9664942626
"2131","2020-05-30",24811.2889233361
"2132","2020-05-31",25721.4549392571
"2133","2020-06-01",25072.1262843168
"2134","2020-06-02",26775.3524029286
"2135","2020-06-03",25368.5194164056
"2136","2020-06-04",25671.3785049392
"2137","2020-06-05",25952.3945297966
"2138","2020-06-06",25640.2981614472
"2139","2020-06-07",25710.7107920043
"2140","2020-06-08",25863.8971192799
"2141","2020-06-09",25985.2301527762
"2142","2020-06-10",25919.0788989963
"2143","2020-06-11",26197.6894876592
"2144","2020-06-12",24733.5806133459
"2145","2020-06-13",25136.9995980345
"2146","2020-06-14",25164.7040258449
"2147","2020-06-15",24816.9662512088
"2148","2020-06-16",24970.5644120856
"2149","2020-06-17",25182.7353839103
"2150","2020-06-18",25099.0681979453
"2151","2020-06-19",24913.228420756
"2152","2020-06-20",24640.9906542369
"2153","2020-06-21",24780.6653876786
"2154","2020-06-22",24610.8034453224
"2155","2020-06-23",25645.311480326
"2156","2020-06-24",25539.4679421513
"2157","2020-06-25",24784.627660606
"2158","2020-06-26",24630.4022949306
"2159","2020-06-27",24403.6095991513
"2160","2020-06-28",23896.6893705311
"2161","2020-06-29",24202.2138879391
"2162","2020-06-30",24350.4762615879
"2163","2020-07-01",24220.3933893521
"2164","2020-07-02",24508.3233978072
"2165","2020-07-03",24154.3954505701
"2166","2020-07-04",24103.94132641
"2167","2020-07-05",24318.1551962642
"2168","2020-07-06",24195.4111134775
"2169","2020-07-07",25155.1158996303
"2170","2020-07-08",24952.5150092103
"2171","2020-07-09",25623.9664259163
"2172","2020-07-10",25104.6601532611
"2173","2020-07-11",25155.4791551316
"2174","2020-07-12",25073.3500088595
"2175","2020-07-13",25277.197539474
"2176","2020-07-14",25115.9208518196
"2177","2020-07-15",25198.8565036366
"2178","2020-07-16",25089.8449723174
"2179","2020-07-17",24810.4744546102
"2180","2020-07-18",24800.5936085903
"2181","2020-07-19",24891.4256041186
"2182","2020-07-20",25043.1046939482
"2183","2020-07-21",24812.6069390824
"2184","2020-07-22",25469.9632807245
"2185","2020-07-23",26039.9510991163
"2186","2020-07-24",26376.9717832745
"2187","2020-07-25",26269.1482964775
"2188","2020-07-26",27121.9727508736
"2189","2020-07-27",27674.465349941
"2190","2020-07-28",30032.1963198823
"2191","2020-07-29",30048.3682624494
"2192","2020-07-30",30506.3763673079
"2193","2020-07-31",30813.1769920296
"2194","2020-08-01",31453.120514377
"2195","2020-08-02",33227.7325327107
"2196","2020-08-03",31361.8199444268
"2197","2020-08-04",32072.3680026196
"2198","2020-08-05",32127.9525861844
"2199","2020-08-06",33332.422527308
"2200","2020-08-07",33387.8470514995
"2201","2020-08-08",32730.4904462892
"2202","2020-08-09",33341.4455358872
"2203","2020-08-10",33248.2607644775
"2204","2020-08-11",33725.0098777458
"2205","2020-08-12",32563.3450126077
"2206","2020-08-13",33083.4845848827
"2207","2020-08-14",34025.2206968564
"2208","2020-08-15",34212.1863380604
"2209","2020-08-16",34564.3305327555
"2210","2020-08-17",34728.9945530132
"2211","2020-08-18",35441.1155203014
"2212","2020-08-19",34644.4709497333
"2213","2020-08-20",33829.1121959551
"2214","2020-08-21",34207.735318207
"2215","2020-08-22",33350.706081208
"2216","2020-08-23",33800.4584191121
"2217","2020-08-24",33738.2920793618
"2218","2020-08-25",33997.5063512139
"2219","2020-08-26",33019.8992067953
"2220","2020-08-27",33268.0602403644
"2221","2020-08-28",32766.7485297178
"2222","2020-08-29",33283.9011227041
"2223","2020-08-30",33345.4532427034
"2224","2020-08-31",33882.4737387499
"2225","2020-09-01",33833.9206146075
"2226","2020-09-02",34623.2370885509
"2227","2020-09-03",33049.664457623
"2228","2020-09-04",29614.3149015081
"2229","2020-09-05",30357.2067713026
"2230","2020-09-06",29353.4745711326
"2231","2020-09-07",29729.1090993033
"2232","2020-09-08",30049.8742857738
"2233","2020-09-09",29362.7989248363
"2234","2020-09-10",29661.0645421364
"2235","2020-09-11",30006.4848144983
"2236","2020-09-12",30129.1723843339
"2237","2020-09-13",30291.1004379146
"2238","2020-09-14",30037.7165198885
"2239","2020-09-15",30834.4438713004
"2240","2020-09-16",31002.0500829029
"2241","2020-09-17",31439.5983917955
"2242","2020-09-18",31525.1696491646
"2243","2020-09-19",31468.1489361471
"2244","2020-09-20",31861.6788367289
"2245","2020-09-21",31371.947640757
"2246","2020-09-22",30087.9835685336
"2247","2020-09-23",30223.0745434014
"2248","2020-09-24",29340.618507915
"2249","2020-09-25",30768.6945494487
"2250","2020-09-26",30744.9809533521
"2251","2020-09-27",30923.9198336978
"2252","2020-09-28",31039.156004909
"2253","2020-09-29",30845.6315449468
"2254","2020-09-30",31246.4604410987
"2255","2020-10-01",31080.7534941548
"2256","2020-10-02",30688.9298473971
"2257","2020-10-03",30495.9442055787
"2258","2020-10-04",30442.5423968145
"2259","2020-10-05",30836.6900773969
"2260","2020-10-06",31124.1075223985
"2261","2020-10-07",30616.7531278451
"2262","2020-10-08",30799.8957758453
"2263","2020-10-09",31374.4116072801
"2264","2020-10-10",31875.3949794022
"2265","2020-10-11",32573.1824578475
"2266","2020-10-12",32770.7509946975
"2267","2020-10-13",33231.8915926584
"2268","2020-10-14",32920.87146917
"2269","2020-10-15",32902.8073257019
"2270","2020-10-16",33027.8620686654
"2271","2020-10-17",32558.8668138699
"2272","2020-10-18",32544.2724306778
"2273","2020-10-19",32908.2411341572
"2274","2020-10-20",33572.6790680591
"2275","2020-10-21",33945.6326336422
"2276","2020-10-22",36358.5165058833
"2277","2020-10-23",36935.5219391995
"2278","2020-10-24",36822.2665442201
"2279","2020-10-25",37378.0358828375
"2280","2020-10-26",37085.675578113
"2281","2020-10-27",37230.2184298502
"2282","2020-10-28",38803.9145615664
"2283","2020-10-29",37612.1131183335
"2284","2020-10-30",38109.0756698583
"2285","2020-10-31",38276.3920942793
"2286","2020-11-01",38923.0240013594
"2287","2020-11-02",38783.383715605
"2288","2020-11-03",38290.6456497782
"2289","2020-11-04",39372.2930457298
"2290","2020-11-05",39614.6617152937
"2291","2020-11-06",43520.5958311751
"2292","2020-11-07",43746.9681868093
"2293","2020-11-08",41684.7607002186
"2294","2020-11-09",43528.5715735601
"2295","2020-11-10",43060.2879783931
"2296","2020-11-11",42911.6161045663
"2297","2020-11-12",44039.144059917
"2298","2020-11-13",45495.3272180744
"2299","2020-11-14",45764.5302413286
"2300","2020-11-15",45163.9185305998
"2301","2020-11-16",44876.5582268007
"2302","2020-11-17",46986.7024881817
"2303","2020-11-18",49571.0246370047
"2304","2020-11-19",49954.5611399966
"2305","2020-11-20",50037.407143269
"2306","2020-11-21",52325.2151121723
"2307","2020-11-22",53382.5834684357
"2308","2020-11-23",52627.1816622182
"2309","2020-11-24",53695.8884661997
"2310","2020-11-25",56222.2852530735
"2311","2020-11-26",54885.0681972806
"2312","2020-11-27",49995.097750076
"2313","2020-11-28",50035.9660856452
"2314","2020-11-29",52028.2402307829
"2315","2020-11-30",53021.565803427
"2316","2020-12-01",57349.128393721
"2317","2020-12-02",54965.7125773571
"2318","2020-12-03",56084.8618075194
"2319","2020-12-04",56657.2441645258
"2320","2020-12-05",54234.5900785616
"2321","2020-12-06",55446.1203145987
"2322","2020-12-07",56178.7407033946
"2323","2020-12-08",55814.3736927509
"2324","2020-12-09",53166.0155025744
"2325","2020-12-10",53890.9081145466
"2326","2020-12-11",53126.4525322384
"2327","2020-12-12",52308.5059259338
"2328","2020-12-13",54039.2461429377
"2329","2020-12-14",55077.2799905987
"2330","2020-12-15",55289.2019551512
"2331","2020-12-16",55475.833502775
"2332","2020-12-17",61203.913014222
"2333","2020-12-18",65275.8743279166
"2334","2020-12-19",66209.1787339862
"2335","2020-12-20",68287.4612123616
"2336","2020-12-21",67190.4717131322
"2337","2020-12-22",65029.3018464437
"2338","2020-12-23",67143.1329320283
"2339","2020-12-24",64561.4790168319
"2340","2020-12-25",66521.2528649943
"2341","2020-12-26",68664.783230545
"2342","2020-12-27",73315.79683167
"2343","2020-12-28",73451.7285193568
"2344","2020-12-29",74674.5503007466
"2345","2020-12-30",75396.1404525485
"2346","2020-12-31",79012.3923939278
"2347","2021-01-01",79776.6925598887
"2348","2021-01-02",80690.9133329052
"2349","2021-01-03",88038.2538516294
"2350","2021-01-04",90717.6752547644
"2351","2021-01-05",86756.2680474518
"2352","2021-01-06",93500.1547434981
"2353","2021-01-07",100613.589324421
"2354","2021-01-08",108475.200527469
"2355","2021-01-09",111670.818720717
"2356","2021-01-10",110484.266260659
"2357","2021-01-11",105401.985158504
"2358","2021-01-12",97585.2102621162
"2359","2021-01-13",92812.9217340574
"2360","2021-01-14",102794.967372171
"2361","2021-01-15",107403.313017469
"2362","2021-01-16",101136.559745022
"2363","2021-01-17",99782.9508481603
"2364","2021-01-18",99943.6504886559
"2365","2021-01-19",101446.172635347
"2366","2021-01-20",99988.7182200822
"2367","2021-01-21",98657.775478883
"2368","2021-01-22",86053.0004643493
"2369","2021-01-23",91604.8719221402
"2370","2021-01-24",89280.615313436
"2371","2021-01-25",89986.000973123
"2372","2021-01-26",90078.3478778846
"2373","2021-01-27",90607.9233816348
"2374","2021-01-28",84530.856367987
"2375","2021-01-29",91746.8631027207
"2376","2021-01-30",94730.9196570355
"2377","2021-01-31",95677.076983234
"2378","2021-02-01",93005.7110510801
"2379","2021-02-02",93210.9484608839
"2380","2021-02-03",98949.1792546214
"2381","2021-02-04",104518.468839187
"2382","2021-02-05",103348.488554586
"2383","2021-02-06",106342.303249076
"2384","2021-02-07",109860.798864025
"2385","2021-02-08",108389.416197785
"2386","2021-02-09",128483.973671574
"2387","2021-02-10",129574.828902952
"2388","2021-02-11",125957.846023677
"2389","2021-02-12",133429.32857073
"2390","2021-02-13",133394.014835255
"2391","2021-02-14",132808.017264215
"2392","2021-02-15",136840.711997627
"2393","2021-02-16",134658.74370587
"2394","2021-02-17",138311.243643668
"2395","2021-02-18",146180.356802093
"2396","2021-02-19",145028.246760037
"2397","2021-02-20",157274.241644219
"2398","2021-02-21",157678.580971741
"2399","2021-02-22",161936.635620357
"2400","2021-02-23",152765.37307941
"2401","2021-02-24",136498.504182811
"2402","2021-02-25",139636.980165552
"2403","2021-02-26",131509.089326211
"2404","2021-02-27",130490.555567016
"2405","2021-02-28",130976.35026998
"2406","2021-03-01",126266.892696061
"2407","2021-03-02",138730.117588265
"2408","2021-03-03",136225.812597534
"2409","2021-03-04",141934.584586531
"2410","2021-03-05",137170.263024292
"2411","2021-03-06",137141.748814553
"2412","2021-03-07",137906.836588926
"2413","2021-03-08",143415.344504523
"2414","2021-03-09",146055.534705822
"2415","2021-03-10",152745.692721677
"2416","2021-03-11",156783.028331341
"2417","2021-03-12",161185.847278892
"2418","2021-03-13",159619.798404247
"2419","2021-03-14",170525.177127137
"2420","2021-03-15",165539.651238563
"2421","2021-03-16",156291.020042204
"2422","2021-03-17",158122.75714981
"2423","2021-03-18",164121.602064395
"2424","2021-03-19",161113.31626643
"2425","2021-03-20",161865.217386327
"2426","2021-03-21",163019.38170648
"2427","2021-03-22",160800.249284248
"2428","2021-03-23",153236.658384756
"2429","2021-03-24",152579.318985899
"2430","2021-03-25",9178.31031861324
"2431","2021-03-26",143246.177313599
"2432","2021-03-27",153754.81141118
"2433","2021-03-28",155680.958024097
"2434","2021-03-29",155489.473418504
"2435","2021-03-30",160892.786667481
"2436","2021-03-31",164378.497996321
"2437","2021-04-01",165773.267363656
"2438","2021-04-02",169487.249741997
"2439","2021-04-03",175212.972761132
"2440","2021-04-04",168554.277121553
"2441","2021-04-05",176984.294581759
"2442","2021-04-06",219133.654789526
"2443","2021-04-07",251533.522189301
"2444","2021-04-08",221089.32836515
"2445","2021-04-09",240584.822372893
"2446","2021-04-10",236836.975054084
"2447","2021-04-11",290938.694868254
"2448","2021-04-12",294913.305661725
"2449","2021-04-13",307211.963186002
"2450","2021-04-14",366436.495899306
"2451","2021-04-15",387254.064445847
"2452","2021-04-16",399445.482679279
"2453","2021-04-17",458653.02134518
"2454","2021-04-18",420669.881790014
"2455","2021-04-19",403874.645449882
"2456","2021-04-20",423376.438792481
"2457","2021-04-21",405692.733690756
"2458","2021-04-22",384660.735365557
"2459","2021-04-23",346415.561309068
"2460","2021-04-24",335422.118163164
"2461","2021-04-25",325620.831073558
"2462","2021-04-26",316930.286848395
"2463","2021-04-27",377296.715660783
"2464","2021-04-28",386604.063787383
"2465","2021-04-29",401839.631021267
"2466","2021-04-30",399222.71881715
"2467","2021-05-01",429896.451796615
"2468","2021-05-02",433620.52817054
"2469","2021-05-03",424537.240309294
"2470","2021-05-04",435488.385185963
"2471","2021-05-05",412992.704443409
"2472","2021-05-06",446637.113829591
"2473","2021-05-07",443784.960261537
"2474","2021-05-08",450861.179982688
"2475","2021-05-09",457500.515696629
"2476","2021-05-10",454819.985479106
"2477","2021-05-11",430928.814106314
"2478","2021-05-12",444050.045040769
"2479","2021-05-13",393181.68508465
"2480","2021-05-14",392274.978246253
"2481","2021-05-15",401344.332331015
"2482","2021-05-16",377200.184058078
"2483","2021-05-17",376906.457900475
"2484","2021-05-18",355625.041190286
"2485","2021-05-19",352732.113418049
"2486","2021-05-20",292348.538679035
"2487","2021-05-21",313559.396492534
"2488","2021-05-22",288242.505464368
"2489","2021-05-23",282495.546892235
"2490","2021-05-24",261144.028401405
"2491","2021-05-25",295419.842046995
"2492","2021-05-26",293244.124685828
"2493","2021-05-27",303915.006036447
"2494","2021-05-28",296483.18418476
"2495","2021-05-29",274093.484510032
"2496","2021-05-30",268910.854911871
"2497","2021-05-31",274455.835800826
"2498","2021-06-01",287617.32066117
"2499","2021-06-02",283254.04246071
