,Observation
0,3
1,6
2,5
3,6
4,4
5,6
6,1
7,6
8,2
9,6
10,6
11,6
12,4
13,3
14,6
15,5
16,5
17,4
18,6
19,6
20,2
21,5
22,3
23,6
24,6
25,6
26,6
27,4
28,6
29,6
30,6
31,6
32,1
33,3
34,6
35,6
36,6
37,4
38,1
39,5
40,5
41,3
42,6
43,1
44,3
45,6
46,5
47,5
48,3
49,3
50,4
51,1
52,4
53,4
54,3
55,3
56,5
57,4
58,4
59,6
60,2
61,4
62,6
63,4
64,3
65,1
66,6
67,1
68,3
69,6
70,3
71,6
72,6
73,1
74,6
75,6
76,4
77,2
78,6
79,5
80,6
81,1
82,6
83,6
84,6
85,1
86,6
87,2
88,2
89,5
90,2
91,6
92,6
93,4
94,4
95,5
96,5
97,4
98,5
99,1
100,1
101,6
102,4
103,5
104,1
105,4
106,5
107,3
108,2
109,2
110,6
111,6
112,1
113,4
114,1
115,1
116,5
117,1
118,6
119,4
120,3
121,4
122,5
123,4
124,6
125,5
126,5
127,6
128,6
129,2
130,1
131,3
132,3
133,3
134,6
135,4
136,3
137,1
138,2
139,1
140,1
141,5
142,5
143,6
144,6
145,6
146,6
147,6
148,6
149,6
150,5
151,1
152,6
153,4
154,2
155,4
156,3
157,6
158,6
159,4
160,3
161,2
162,3
163,6
164,6
165,6
166,5
167,3
168,5
169,2
170,6
171,4
172,2
173,2
174,5
175,6
176,2
177,2
178,1
179,3
180,2
181,2
182,5
183,3
184,5
185,4
186,5
187,2
188,3
189,2
190,6
191,5
192,2
193,5
194,1
195,3
196,3
197,3
198,3
199,6
200,2
201,2
202,1
203,3
204,1
205,2
206,4
207,4
208,1
209,6
210,2
211,6
212,6
213,5
214,5
215,1
216,3
217,2
218,2
219,5
220,4
221,3
222,6
223,2
224,1
225,6
226,4
227,2
228,1
229,6
230,3
231,6
232,2
233,1
234,4
235,5
236,2
237,1
238,1
239,3
240,6
241,6
242,3
243,3
244,2
245,6
246,3
247,6
248,6
249,5
250,3
251,1
252,3
253,2
254,4
255,6
256,2
257,4
258,6
259,3
260,3
261,1
262,4
263,3
264,6
265,6
266,1
267,3
268,4
269,5
270,4
271,5
272,5
273,1
274,6
275,2
276,5
277,5
278,4
279,2
280,1
281,4
282,4
283,1
284,3
285,2
286,6
287,6
288,6
289,6
290,5
291,4
292,5
293,4
294,2
295,3
296,1
297,3
298,4
299,1
300,5
301,6
302,6
303,3
304,2
305,2
306,6
307,1
308,6
309,1
310,6
311,6
312,4
313,6
314,2
315,3
316,6
317,6
318,6
319,2
320,6
321,6
322,2
323,6
324,3
325,1
326,6
327,1
328,4
329,5
330,6
331,4
332,6
333,4
334,5
335,1
336,5
337,4
338,4
339,5
340,1
341,5
342,6
343,5
344,3
345,5
346,6
347,6
348,3
349,6
350,3
351,1
352,1
353,6
354,3
355,6
356,2
357,6
358,5
359,1
360,5
361,1
362,5
363,6
364,1
365,5
366,3
367,6
368,2
369,4
370,4
371,4
372,4
373,6
374,5
375,3
376,4
377,5
378,5
379,6
380,4
381,6
382,4
383,6
384,4
385,2
386,6
387,3
388,1
389,6
390,6
391,1
392,6
393,6
394,5
395,3
396,5
397,2
398,4
399,4
400,6
401,6
402,4
403,6
404,5
405,3
406,6
407,3
408,2
409,3
410,2
411,6
412,5
413,5
414,6
415,6
416,3
417,2
418,2
419,5
420,5
421,6
422,6
423,1
424,5
425,6
426,1
427,6
428,5
429,6
430,6
431,6
432,5
433,1
434,4
435,4
436,2
437,3
438,2
439,5
440,5
441,4
442,5
443,3
444,5
445,4
446,2
447,1
448,6
449,1
450,2
451,2
452,2
453,6
454,6
455,6
456,5
457,6
458,6
459,5
460,1
461,5
462,2
463,1
464,4
465,1
466,1
467,3
468,3
469,1
470,5
471,3
472,5
473,5
474,3
475,1
476,3
477,4
478,4
479,6
480,5
481,3
482,3
483,3
484,3
485,4
486,4
487,1
488,2
489,5
490,3
491,2
492,2
493,2
494,1
495,1
496,2
497,3
498,4
499,2
500,3
501,4
502,1
503,3
504,1
505,3
506,5
507,6
508,3
509,3
510,6
511,3
512,6
513,1
514,6
515,2
516,2
517,4
518,1
519,2
520,4
521,2
522,2
523,6
524,1
525,1
526,3
527,1
528,1
529,3
530,6
531,5
532,2
533,6
534,1
535,2
536,6
537,6
538,2
539,6
540,2
541,1
542,1
543,6
544,6
545,5
546,6
547,1
548,1
549,3
550,6
551,5
552,2
553,1
554,6
555,6
556,2
557,6
558,6
559,4
560,4
561,4
562,5
563,3
564,3
565,3
566,5
567,3
568,4
569,6
570,6
571,3
572,6
573,5
574,6
575,1
576,5
577,6
578,6
579,6
580,6
581,5
582,1
583,1
584,3
585,1
586,1
587,3
588,6
589,1
590,2
591,1
592,1
593,3
594,2
595,5
596,6
597,5
598,6
599,2
600,6
601,6
602,3
603,3
604,6
605,6
606,3
607,5
608,1
609,5
610,3
611,3
612,3
613,5
614,6
615,2
616,6
617,6
618,4
619,2
620,5
621,4
622,1
623,5
624,1
625,3
626,1
627,4
628,2
629,2
630,4
631,4
632,3
633,5
634,6
635,6
636,1
637,6
638,6
639,6
640,5
641,2
642,3
643,4
644,1
645,6
646,1
647,5
648,3
649,6
650,6
651,2
652,6
653,6
654,6
655,5
656,4
657,6
658,2
659,6
660,6
661,4
662,1
663,3
664,2
665,5
666,4
667,2
668,1
669,6
670,1
671,5
672,5
673,3
674,4
675,6
676,6
677,6
678,3
679,3
680,6
681,1
682,6
683,3
684,1
685,2
686,6
687,1
688,2
689,6
690,2
691,6
692,6
693,4
694,6
695,6
696,1
697,6
698,6
699,6
700,6
701,6
702,6
703,5
704,5
705,1
706,5
707,5
708,3
709,3
710,4
711,5
712,1
713,6
714,3
715,5
716,3
717,6
718,6
719,6
720,4
721,3
722,3
723,4
724,6
725,2
726,3
727,6
728,6
729,5
730,1
731,1
732,5
733,1
734,6
735,6
736,4
737,1
738,6
739,3
740,2
741,5
742,2
743,5
744,3
745,1
746,3
747,4
748,1
749,3
750,1
751,5
752,3
753,2
754,4
755,2
756,4
757,4
758,6
759,5
760,2
761,1
762,6
763,6
764,2
765,6
766,2
767,2
768,6
769,3
770,6
771,6
772,4
773,2
774,4
775,1
776,2
777,6
778,6
779,6
780,3
781,3
782,6
783,2
784,6
785,6
786,6
787,4
788,6
789,6
790,4
791,6
792,6
793,6
794,1
795,6
796,6
797,6
798,2
799,6
800,2
801,6
802,6
803,6
804,5
805,4
806,1
807,3
808,2
809,6
810,2
811,6
812,6
813,1
814,6
815,6
816,6
817,3
818,5
819,6
820,6
821,2
822,6
823,6
824,5
825,4
826,3
827,6
828,4
829,3
830,2
831,1
832,2
833,6
834,6
835,6
836,6
837,5
838,2
839,1
840,3
841,2
842,1
843,5
844,6
845,6
846,2
847,6
848,5
849,4
850,4
851,6
852,4
853,1
854,1
855,6
856,2
857,6
858,5
859,6
860,3
861,6
862,2
863,5
864,6
865,3
866,6
867,1
868,6
869,5
870,5
871,6
872,6
873,2
874,2
875,6
876,5
877,6
878,2
879,5
880,3
881,5
882,1
883,2
884,4
885,2
886,2
887,4
888,5
889,2
890,6
891,2
892,4
893,1
894,4
895,2
896,6
897,4
898,6
899,6
900,6
901,6
902,3
903,6
904,6
905,3
906,1
907,6
908,6
909,6
910,3
911,6
912,5
913,6
914,6
915,2
916,4
917,6
918,6
919,6
920,6
921,6
922,6
923,6
924,6
925,6
926,6
927,1
928,6
929,6
930,6
931,6
932,6
933,6
934,6
935,5
936,6
937,6
938,3
939,3
940,2
941,2
942,2
943,4
944,2
945,6
946,6
947,1
948,6
949,3
950,4
951,2
952,4
953,6
954,2
955,6
956,3
957,1
958,1
959,5
960,5
961,6
962,6
963,1
964,6
965,6
966,6
967,6
968,5
969,6
970,5
971,6
972,3
973,5
974,6
975,1
976,3
977,6
978,6
979,1
980,3
981,3
982,4
983,5
984,6
985,4
986,3
987,6
988,2
989,2
990,6
991,1
992,4
993,6
994,3
995,6
996,6
997,2
998,3
999,1
1000,4
1001,6
1002,5
1003,3
1004,1
1005,2
1006,4
1007,4
1008,1
1009,6
1010,2
1011,4
1012,5
1013,3
1014,4
1015,1
1016,1
1017,6
1018,3
1019,4
1020,6
1021,3
1022,4
1023,3
1024,3
1025,5
1026,2
1027,2
1028,2
1029,5
1030,5
1031,2
1032,6
1033,4
1034,3
1035,3
1036,2
1037,1
1038,5
1039,1
1040,1
1041,6
1042,4
1043,1
1044,1
1045,6
1046,1
1047,4
1048,3
1049,6
1050,1
1051,2
1052,3
1053,2
1054,1
1055,4
1056,3
1057,5
1058,1
1059,6
1060,3
1061,2
1062,2
1063,2
1064,5
1065,6
1066,6
1067,3
1068,4
1069,6
1070,5
1071,6
1072,6
1073,1
1074,3
1075,2
1076,3
1077,4
1078,5
1079,2
1080,6
1081,5
1082,3
1083,1
1084,2
1085,2
1086,4
1087,6
1088,3
1089,6
1090,4
1091,3
1092,6
1093,1
1094,5
1095,3
1096,4
1097,3
1098,3
1099,2
1100,5
1101,1
1102,3
1103,5
1104,4
1105,1
1106,6
1107,3
1108,2
1109,3
1110,2
1111,3
1112,3
1113,2
1114,1
1115,6
1116,1
1117,5
1118,1
1119,4
1120,6
1121,4
1122,3
1123,6
1124,4
1125,2
1126,4
1127,5
1128,2
1129,2
1130,2
1131,5
1132,6
1133,1
1134,2
1135,3
1136,2
1137,4
1138,5
1139,6
1140,1
1141,3
1142,5
1143,5
1144,6
1145,2
1146,3
1147,6
1148,3
1149,1
1150,5
1151,1
1152,4
1153,3
1154,1
1155,6
1156,3
1157,6
1158,6
1159,3
1160,2
1161,6
1162,6
1163,2
1164,6
1165,1
1166,6
1167,4
1168,2
1169,6
1170,6
1171,6
1172,2
1173,2
1174,1
1175,6
1176,6
1177,5
1178,3
1179,1
1180,1
1181,6
1182,3
1183,2
1184,4
1185,3
1186,1
1187,2
1188,4
1189,5
1190,6
1191,6
1192,6
1193,6
1194,4
1195,5
1196,3
1197,2
1198,1
1199,4
1200,6
1201,1
1202,1
1203,1
1204,1
1205,2
1206,5
1207,2
1208,1
1209,5
1210,3
1211,4
1212,6
1213,6
1214,6
1215,6
1216,3
1217,2
1218,6
1219,3
1220,6
1221,1
1222,1
1223,5
1224,4
1225,2
1226,2
1227,3
1228,4
1229,3
1230,4
1231,4
1232,4
1233,4
1234,5
1235,6
1236,1
1237,3
1238,6
1239,2
1240,5
1241,6
1242,6
1243,6
1244,4
1245,3
1246,3
1247,6
1248,4
1249,6
1250,5
1251,5
1252,3
1253,6
1254,1
1255,6
1256,3
1257,2
1258,5
1259,5
1260,2
1261,2
1262,4
1263,6
1264,6
1265,6
1266,2
1267,2
1268,2
1269,3
1270,4
1271,4
1272,6
1273,2
1274,6
1275,6
1276,2
1277,4
1278,1
1279,2
1280,4
1281,2
1282,4
1283,4
1284,5
1285,2
1286,1
1287,1
1288,1
1289,4
1290,1
1291,1
1292,2
1293,1
1294,1
1295,1
1296,2
1297,1
1298,4
1299,1
1300,1
1301,2
1302,3
1303,5
1304,2
1305,6
1306,2
1307,3
1308,2
1309,3
1310,2
1311,4
1312,5
1313,5
1314,5
1315,5
1316,1
1317,4
1318,4
1319,1
1320,1
1321,6
1322,3
1323,1
1324,4
1325,6
1326,5
1327,3
1328,1
1329,6
1330,5
1331,6
1332,4
1333,6
1334,6
1335,6
1336,6
1337,5
1338,6
1339,6
1340,5
1341,4
1342,3
1343,4
1344,5
1345,4
1346,6
1347,2
1348,4
1349,1
1350,5
1351,2
1352,4
1353,2
1354,5
1355,5
1356,3
1357,6
1358,6
1359,5
1360,3
1361,6
1362,1
1363,3
1364,6
1365,5
1366,1
1367,4
1368,3
1369,2
1370,2
1371,6
1372,6
1373,6
1374,6
1375,6
1376,2
1377,6
1378,6
1379,4
1380,5
1381,6
1382,2
1383,6
1384,6
1385,6
1386,6
1387,6
1388,4
1389,6
1390,6
1391,3
1392,6
1393,6
1394,6
1395,1
1396,2
1397,3
1398,2
1399,2
1400,6
1401,6
1402,6
1403,6
1404,5
1405,2
1406,6
1407,4
1408,3
1409,5
1410,5
1411,2
1412,6
1413,6
1414,2
1415,2
1416,3
1417,1
1418,6
1419,6
1420,2
1421,6
1422,6
1423,6
1424,1
1425,5
1426,2
1427,6
1428,5
1429,2
1430,2
1431,2
1432,4
1433,1
1434,6
1435,5
1436,1
1437,6
1438,2
1439,1
1440,3
1441,6
1442,6
1443,1
1444,4
1445,4
1446,5
1447,5
1448,5
1449,2
1450,3
1451,3
1452,4
1453,6
1454,3
1455,6
1456,3
1457,6
1458,6
1459,6
1460,6
1461,6
1462,2
1463,5
1464,6
1465,6
1466,5
1467,2
1468,3
1469,6
1470,6
1471,6
1472,6
1473,6
1474,4
1475,6
1476,6
1477,6
1478,6
1479,6
1480,6
1481,6
1482,6
1483,6
1484,5
1485,6
1486,3
1487,1
1488,4
1489,5
1490,5
1491,5
1492,4
1493,1
1494,2
1495,4
1496,4
1497,4
1498,2
1499,3
1500,6
1501,6
1502,6
1503,1
1504,6
1505,2
1506,6
1507,3
1508,5
1509,6
1510,4
1511,6
1512,6
1513,6
1514,6
1515,1
1516,6
1517,6
1518,1
1519,4
1520,6
1521,1
1522,5
1523,6
1524,6
1525,2
1526,4
1527,6
1528,5
1529,6
1530,1
1531,6
1532,6
1533,6
1534,2
1535,6
1536,6
1537,1
1538,6
1539,4
1540,6
1541,6
1542,6
1543,5
1544,6
1545,5
1546,6
1547,6
1548,6
1549,6
1550,2
1551,6
1552,2
1553,5
1554,3
1555,5
1556,6
1557,1
1558,1
1559,2
1560,2
1561,2
1562,1
1563,1
1564,1
1565,4
1566,4
1567,1
1568,3
1569,6
1570,2
1571,5
1572,5
1573,1
1574,6
1575,6
1576,4
1577,4
1578,6
1579,3
1580,4
1581,3
1582,6
1583,6
1584,5
1585,5
1586,2
1587,5
1588,6
1589,4
1590,3
1591,1
1592,2
1593,6
1594,6
1595,6
1596,6
1597,6
1598,6
1599,6
1600,6
1601,6
1602,1
1603,6
1604,1
1605,5
1606,6
1607,5
1608,5
1609,3
1610,6
1611,1
1612,1
1613,2
1614,3
1615,6
1616,5
1617,5
1618,6
1619,3
1620,2
1621,4
1622,6
1623,6
1624,4
1625,5
1626,3
1627,2
1628,6
1629,6
1630,6
1631,6
1632,5
1633,6
1634,6
1635,1
1636,5
1637,6
1638,4
1639,5
1640,6
1641,1
1642,6
1643,3
1644,6
1645,6
1646,4
1647,4
1648,4
1649,3
1650,6
1651,5
1652,5
1653,6
1654,1
1655,6
1656,2
1657,5
1658,6
1659,6
1660,6
1661,6
1662,6
1663,1
1664,4
1665,4
1666,3
1667,6
1668,4
1669,6
1670,6
1671,4
1672,1
1673,6
1674,1
1675,6
1676,5
1677,4
1678,6
1679,6
1680,6
1681,2
1682,6
1683,6
1684,6
1685,2
1686,6
1687,3
1688,6
1689,6
1690,1
1691,6
1692,6
1693,5
1694,6
1695,6
1696,4
1697,6
1698,6
1699,4
1700,6
1701,5
1702,3
1703,1
1704,2
1705,6
1706,3
1707,3
1708,3
1709,2
1710,3
1711,1
1712,3
1713,6
1714,5
1715,3
1716,3
1717,3
1718,2
1719,3
1720,4
1721,4
1722,4
1723,1
1724,2
1725,1
1726,1
1727,4
1728,4
1729,6
1730,3
1731,3
1732,6
1733,5
1734,6
1735,1
1736,6
1737,6
1738,6
1739,4
1740,6
1741,6
1742,6
1743,6
1744,1
1745,1
1746,6
1747,5
1748,5
1749,6
1750,3
1751,1
1752,5
1753,5
1754,2
1755,5
1756,6
1757,2
1758,2
1759,1
1760,1
1761,1
1762,4
1763,6
1764,6
1765,3
1766,3
1767,6
1768,4
1769,2
1770,4
1771,6
1772,1
1773,2
1774,5
1775,2
1776,4
1777,1
1778,2
1779,3
1780,3
1781,2
1782,1
1783,3
1784,5
1785,2
1786,4
1787,2
1788,5
1789,3
1790,2
1791,6
1792,3
1793,4
1794,6
1795,1
1796,6
1797,3
1798,6
1799,1
1800,3
1801,2
1802,4
1803,4
1804,6
1805,6
1806,4
1807,1
1808,2
1809,2
1810,3
1811,6
1812,5
1813,3
1814,1
1815,2
1816,4
1817,2
1818,5
1819,6
1820,6
1821,6
1822,1
1823,2
1824,6
1825,1
1826,1
1827,6
1828,6
1829,4
1830,3
1831,4
1832,4
1833,4
1834,6
1835,1
1836,5
1837,6
1838,4
1839,3
1840,6
1841,2
1842,4
1843,6
1844,6
1845,3
1846,6
1847,2
1848,4
1849,4
1850,4
1851,4
1852,5
1853,6
1854,5
1855,6
1856,1
1857,5
1858,5
1859,1
1860,2
1861,6
1862,2
1863,1
1864,3
1865,2
1866,5
1867,1
1868,1
1869,3
1870,4
1871,3
1872,6
1873,3
1874,2
1875,5
1876,3
1877,3
1878,1
1879,5
1880,1
1881,3
1882,5
1883,2
1884,6
1885,5
1886,2
1887,4
1888,5
1889,4
1890,5
1891,1
1892,6
1893,2
1894,6
1895,4
1896,1
1897,5
1898,6
1899,6
1900,6
1901,6
1902,1
1903,4
1904,5
1905,5
1906,3
1907,3
1908,4
1909,6
1910,6
1911,5
1912,5
1913,6
1914,1
1915,3
1916,4
1917,2
1918,5
1919,3
1920,6
1921,6
1922,5
1923,6
1924,3
1925,5
1926,6
1927,4
1928,6
1929,3
1930,6
1931,6
1932,2
1933,6
1934,2
1935,5
1936,3
1937,6
1938,6
1939,6
1940,6
1941,2
1942,1
1943,6
1944,2
1945,2
1946,2
1947,5
1948,3
1949,2
1950,1
1951,2
1952,3
1953,6
1954,2
1955,4
1956,5
1957,1
1958,4
1959,1
1960,1
1961,2
1962,3
1963,2
1964,6
1965,2
1966,2
1967,4
1968,5
1969,1
1970,1
1971,6
1972,1
1973,2
1974,3
1975,4
1976,2
1977,6
1978,5
1979,2
1980,6
1981,2
1982,1
1983,2
1984,2
1985,4
1986,5
1987,4
1988,2
1989,3
1990,5
1991,3
1992,6
1993,1
1994,6
1995,6
1996,6
1997,6
1998,6
1999,6
2000,6
2001,2
2002,2
2003,6
2004,1
2005,1
2006,3
2007,6
2008,5
2009,2
2010,2
2011,6
2012,6
2013,6
2014,6
2015,6
2016,3
2017,3
2018,2
2019,1
2020,1
2021,6
2022,1
2023,3
2024,6
2025,6
2026,6
2027,6
2028,2
2029,4
2030,6
2031,6
2032,6
2033,6
2034,6
2035,2
2036,1
2037,4
2038,2
2039,1
2040,6
2041,2
2042,1
2043,3
2044,6
2045,6
2046,4
2047,1
2048,6
2049,3
2050,3
2051,5
2052,2
2053,4
2054,2
2055,4
2056,6
2057,6
2058,4
2059,3
2060,4
2061,3
2062,6
2063,6
2064,4
2065,2
2066,6
2067,6
2068,5
2069,6
2070,6
2071,6
2072,6
2073,6
2074,6
2075,3
2076,2
2077,3
2078,1
2079,5
2080,4
2081,1
2082,6
2083,6
2084,6
2085,6
2086,1
2087,2
2088,3
2089,6
2090,1
2091,6
2092,3
2093,6
2094,6
2095,5
2096,6
2097,6
2098,2
2099,3
2100,2
2101,6
2102,3
2103,2
2104,1
2105,3
2106,5
2107,6
2108,3
2109,4
2110,5
2111,6
2112,6
2113,6
2114,6
2115,6
2116,4
2117,6
2118,2
2119,6
2120,6
2121,6
2122,6
2123,4
2124,6
2125,6
2126,2
2127,1
2128,6
2129,5
2130,4
2131,3
2132,6
2133,6
2134,1
2135,6
2136,6
2137,5
2138,6
2139,4
2140,6
2141,3
2142,4
2143,6
2144,1
2145,5
2146,1
2147,6
2148,6
2149,4
2150,6
2151,1
2152,1
2153,4
2154,2
2155,5
2156,3
2157,5
2158,1
2159,4
2160,1
2161,4
2162,2
2163,4
2164,2
2165,2
2166,6
2167,5
2168,4
2169,1
2170,1
2171,1
2172,4
2173,1
2174,1
2175,6
2176,4
2177,1
2178,2
2179,2
2180,2
2181,5
2182,1
2183,6
2184,2
2185,3
2186,5
2187,3
2188,2
2189,4
2190,2
2191,3
2192,3
2193,4
2194,4
2195,1
2196,2
2197,3
2198,2
2199,6
2200,3
2201,4
2202,6
2203,2
2204,3
2205,4
2206,2
2207,4
2208,5
2209,1
2210,4
2211,6
2212,6
2213,6
2214,1
2215,3
2216,4
2217,2
2218,5
2219,5
2220,1
2221,5
2222,5
2223,3
2224,2
2225,1
2226,6
2227,2
2228,5
2229,2
2230,5
2231,2
2232,5
2233,1
2234,3
2235,5
2236,1
2237,6
2238,1
2239,2
2240,2
2241,5
2242,4
2243,5
2244,6
2245,4
2246,5
2247,1
2248,2
2249,1
2250,1
2251,6
2252,4
2253,3
2254,4
2255,1
2256,1
2257,6
2258,1
2259,3
2260,2
2261,5
2262,1
2263,6
2264,6
2265,1
2266,3
2267,6
2268,6
2269,4
2270,3
2271,2
2272,3
2273,4
2274,4
2275,4
2276,6
2277,4
2278,4
2279,3
2280,5
2281,4
2282,1
2283,4
2284,5
2285,6
2286,4
2287,4
2288,3
2289,6
2290,3
2291,4
2292,3
2293,4
2294,3
2295,3
2296,1
2297,4
2298,1
2299,4
2300,6
2301,1
2302,3
2303,3
2304,6
2305,6
2306,5
2307,6
2308,2
2309,6
2310,4
2311,6
2312,3
2313,6
2314,1
2315,1
2316,6
2317,6
2318,1
2319,1
2320,2
2321,1
2322,6
2323,4
2324,6
2325,4
2326,5
2327,6
2328,1
2329,2
2330,3
2331,1
2332,5
2333,4
2334,4
2335,5
2336,1
2337,4
2338,2
2339,4
2340,4
2341,3
2342,2
2343,5
2344,3
2345,1
2346,5
2347,5
2348,1
2349,2
2350,6
2351,6
2352,6
2353,1
2354,6
2355,6
2356,6
2357,6
2358,5
2359,2
2360,5
2361,5
2362,5
2363,3
2364,1
2365,3
2366,6
2367,1
2368,6
2369,1
2370,5
2371,1
2372,5
2373,2
2374,5
2375,6
2376,1
2377,1
2378,6
2379,6
2380,6
2381,6
2382,2
2383,3
2384,6
2385,6
2386,6
2387,4
2388,2
2389,6
2390,2
2391,1
2392,6
2393,3
2394,6
2395,6
2396,1
2397,2
2398,5
2399,2
2400,6
2401,6
2402,4
2403,6
2404,5
2405,6
2406,6
2407,3
2408,2
2409,4
2410,6
2411,1
2412,6
2413,6
2414,4
2415,4
2416,3
2417,2
2418,3
2419,6
2420,3
2421,6
2422,5
2423,3
2424,2
2425,1
2426,2
2427,3
2428,5
2429,6
2430,5
2431,4
2432,5
2433,6
2434,5
2435,1
2436,6
2437,5
2438,6
2439,3
2440,2
2441,4
2442,5
2443,6
2444,3
2445,1
2446,2
2447,1
2448,4
2449,6
2450,4
2451,6
2452,6
2453,6
2454,6
2455,1
2456,4
2457,6
2458,6
2459,6
2460,6
2461,6
2462,1
2463,6
2464,6
2465,3
2466,6
2467,4
2468,2
2469,6
2470,6
2471,3
2472,2
2473,4
2474,6
2475,6
2476,1
2477,5
2478,6
2479,6
2480,5
2481,6
2482,5
2483,2
2484,1
2485,6
2486,3
2487,6
2488,6
2489,6
2490,6
2491,6
2492,6
2493,6
2494,5
2495,6
2496,1
2497,4
2498,3
2499,1
2500,2
2501,4
2502,4
2503,5
2504,6
2505,2
2506,6
2507,3
2508,5
2509,1
2510,6
2511,6
2512,6
2513,6
2514,6
2515,4
2516,6
2517,2
2518,1
2519,3
2520,4
2521,6
2522,3
2523,1
2524,5
2525,3
2526,2
2527,3
2528,6
2529,1
2530,1
2531,3
2532,6
2533,2
2534,6
2535,2
2536,6
2537,5
2538,2
2539,3
2540,2
2541,5
2542,1
2543,2
2544,1
2545,5
2546,2
2547,2
2548,3
2549,3
2550,5
2551,2
2552,1
2553,6
2554,6
2555,6
2556,4
2557,2
2558,1
2559,5
2560,6
2561,6
2562,5
2563,6
2564,3
2565,6
2566,6
2567,6
2568,6
2569,6
2570,6
2571,6
2572,1
2573,3
2574,6
2575,6
2576,6
2577,6
2578,6
2579,6
2580,4
2581,3
2582,6
2583,6
2584,6
2585,6
2586,2
2587,3
2588,2
2589,3
2590,5
2591,6
2592,6
2593,3
2594,5
2595,3
2596,1
2597,5
2598,6
2599,2
2600,3
2601,5
2602,3
2603,6
2604,6
2605,2
2606,6
2607,6
2608,5
2609,3
2610,6
2611,6
2612,2
2613,2
2614,6
2615,3
2616,4
2617,5
2618,6
2619,6
2620,6
2621,6
2622,2
2623,6
2624,4
2625,6
2626,6
2627,5
2628,6
2629,4
2630,2
2631,6
2632,6
2633,5
2634,2
2635,6
2636,6
2637,4
2638,4
2639,1
2640,1
2641,2
2642,2
2643,6
2644,1
2645,6
2646,6
2647,1
2648,6
2649,6
2650,6
2651,6
2652,5
2653,6
2654,6
2655,4
2656,6
2657,5
2658,1
2659,3
2660,4
2661,4
2662,5
2663,5
2664,6
2665,2
2666,4
2667,6
2668,3
2669,3
2670,5
2671,4
2672,1
2673,6
2674,1
2675,4
2676,2
2677,4
2678,6
2679,6
2680,6
2681,6
2682,6
2683,4
2684,1
2685,6
2686,3
2687,3
2688,6
2689,1
2690,6
2691,6
2692,6
2693,6
2694,6
2695,6
2696,6
2697,5
2698,6
2699,6
2700,6
2701,1
2702,1
2703,5
2704,4
2705,1
2706,5
2707,4
2708,3
2709,3
2710,5
2711,1
2712,5
2713,5
2714,4
2715,2
2716,2
2717,4
2718,3
2719,5
2720,5
2721,5
2722,5
2723,3
2724,6
2725,2
2726,2
2727,6
2728,4
2729,1
2730,6
2731,1
2732,4
2733,1
2734,4
2735,3
2736,3
2737,4
2738,3
2739,1
2740,1
2741,4
2742,1
2743,3
2744,2
2745,2
2746,5
2747,1
2748,2
2749,6
2750,1
2751,6
2752,1
2753,6
2754,4
2755,6
2756,1
2757,6
2758,5
2759,2
2760,6
2761,6
2762,6
2763,4
2764,5
2765,5
2766,2
2767,6
2768,6
2769,6
2770,6
2771,2
2772,6
2773,2
2774,6
2775,3
2776,6
2777,6
2778,4
2779,4
2780,4
2781,6
2782,6
2783,2
2784,2
2785,6
2786,6
2787,4
2788,1
2789,6
2790,5
2791,5
2792,5
2793,6
2794,6
2795,1
2796,5
2797,6
2798,6
2799,6
2800,5
2801,5
2802,4
2803,4
2804,6
2805,4
2806,5
2807,1
2808,2
2809,4
2810,3
2811,6
2812,6
2813,2
2814,6
2815,4
2816,6
2817,3
2818,2
2819,3
2820,2
2821,6
2822,6
2823,6
2824,3
2825,5
2826,6
2827,6
2828,1
2829,1
2830,5
2831,3
2832,3
2833,4
2834,6
2835,5
2836,4
2837,6
2838,6
2839,6
2840,6
2841,5
2842,3
2843,5
2844,6
2845,1
2846,6
2847,1
2848,6
2849,6
2850,3
2851,5
2852,2
2853,6
2854,6
2855,6
2856,3
2857,4
2858,5
2859,4
2860,6
2861,3
2862,6
2863,1
2864,5
2865,6
2866,6
2867,6
2868,5
2869,6
2870,6
2871,5
2872,1
2873,2
2874,1
2875,1
2876,5
2877,2
2878,1
2879,2
2880,6
2881,1
2882,6
2883,2
2884,6
2885,6
2886,2
2887,3
2888,6
2889,6
2890,6
2891,1
2892,3
2893,6
2894,6
2895,4
2896,1
2897,3
2898,4
2899,5
2900,4
2901,4
2902,3
2903,2
2904,6
2905,1
2906,4
2907,2
2908,5
2909,6
2910,5
2911,3
2912,2
2913,4
2914,1
2915,1
2916,3
2917,5
2918,6
2919,6
2920,6
2921,2
2922,6
2923,5
2924,1
2925,2
2926,5
2927,5
2928,3
2929,6
2930,3
2931,3
2932,2
2933,6
2934,1
2935,6
2936,6
2937,6
2938,3
2939,6
2940,6
2941,2
2942,1
2943,4
2944,4
2945,5
2946,2
2947,6
2948,6
2949,4
2950,1
2951,6
2952,5
2953,6
2954,3
2955,6
2956,2
2957,1
2958,5
2959,3
2960,5
2961,5
2962,2
2963,2
2964,1
2965,5
2966,3
2967,6
2968,4
2969,3
2970,1
2971,3
2972,2
2973,2
2974,6
2975,6
2976,2
2977,3
2978,1
2979,2
2980,1
2981,6
2982,2
2983,2
2984,4
2985,1
2986,1
2987,6
2988,1
2989,3
2990,4
2991,2
2992,2
2993,4
2994,6
2995,5
2996,5
2997,6
2998,3
2999,1
3000,2
3001,2
3002,6
3003,5
3004,3
3005,2
3006,3
3007,6
3008,5
3009,4
3010,2
3011,3
3012,5
3013,4
3014,1
3015,4
3016,3
3017,4
3018,4
3019,2
3020,5
3021,5
3022,6
3023,6
3024,1
3025,2
3026,4
3027,1
3028,3
3029,2
3030,1
3031,3
3032,2
3033,5
3034,2
3035,6
3036,5
3037,6
3038,6
3039,4
3040,6
3041,5
3042,6
3043,6
3044,3
3045,6
3046,5
3047,5
3048,6
3049,2
3050,6
3051,4
3052,6
3053,6
3054,5
3055,6
3056,5
3057,6
3058,4
3059,6
3060,2
3061,6
3062,6
3063,3
3064,5
3065,6
3066,2
3067,1
3068,5
3069,4
3070,6
3071,5
3072,4
3073,6
3074,6
3075,6
3076,6
3077,5
3078,2
3079,6
3080,6
3081,4
3082,6
3083,6
3084,4
3085,4
3086,5
3087,4
3088,3
3089,6
3090,6
3091,6
3092,5
3093,6
3094,3
3095,6
3096,4
3097,4
3098,6
3099,2
3100,6
3101,6
3102,6
3103,3
3104,6
3105,6
3106,4
3107,1
3108,6
3109,4
3110,6
3111,6
3112,1
3113,6
3114,6
3115,6
3116,2
3117,5
3118,4
3119,5
3120,6
3121,3
3122,3
3123,2
3124,5
3125,3
3126,4
3127,6
3128,2
3129,6
3130,6
3131,1
3132,2
3133,2
3134,3
3135,4
3136,1
3137,2
3138,1
3139,4
3140,5
3141,2
3142,1
3143,3
3144,5
3145,5
3146,4
3147,3
3148,2
3149,4
3150,5
3151,2
3152,4
3153,6
3154,2
3155,4
3156,4
3157,2
3158,3
3159,4
3160,5
3161,6
3162,6
3163,3
3164,5
3165,5
3166,2
3167,3
3168,2
3169,3
3170,4
3171,4
3172,2
3173,6
3174,2
3175,2
3176,6
3177,5
3178,3
3179,4
3180,6
3181,5
3182,6
3183,3
3184,4
3185,2
3186,6
3187,4
3188,3
3189,1
3190,1
3191,3
3192,5
3193,6
3194,5
3195,2
3196,6
3197,6
3198,4
3199,3
3200,3
3201,5
3202,2
3203,3
3204,4
3205,6
3206,3
3207,5
3208,4
3209,2
3210,1
3211,4
3212,3
3213,4
3214,5
3215,6
3216,2
3217,5
3218,1
3219,1
3220,3
3221,3
3222,2
3223,1
3224,2
3225,1
3226,3
3227,6
3228,4
3229,6
3230,3
3231,6
3232,6
3233,5
3234,6
3235,1
3236,6
3237,6
3238,3
3239,1
3240,6
3241,6
3242,5
3243,4
3244,6
3245,5
3246,2
3247,2
3248,6
3249,3
3250,6
3251,2
3252,6
3253,3
3254,6
3255,3
3256,3
3257,6
3258,1
3259,3
3260,3
3261,3
3262,1
3263,6
3264,6
3265,6
3266,3
3267,6
3268,5
3269,6
3270,6
3271,1
3272,6
3273,6
3274,6
3275,6
3276,5
3277,6
3278,4
3279,5
3280,5
3281,6
3282,3
3283,2
3284,2
3285,3
3286,4
3287,6
3288,6
3289,3
3290,4
3291,4
3292,4
3293,6
3294,6
3295,6
3296,6
3297,6
3298,6
3299,6
3300,6
3301,2
3302,6
3303,6
3304,2
3305,5
3306,6
3307,5
3308,4
3309,2
3310,3
3311,2
3312,4
3313,6
3314,1
3315,5
3316,3
3317,4
3318,4
3319,6
3320,4
3321,5
3322,6
3323,5
3324,6
3325,6
3326,2
3327,3
3328,6
3329,4
3330,3
3331,4
3332,2
3333,3
3334,6
3335,4
3336,2
3337,3
3338,2
3339,1
3340,6
3341,1
3342,5
3343,6
3344,1
3345,2
3346,2
3347,4
3348,5
3349,4
3350,3
3351,1
3352,3
3353,2
3354,6
3355,4
3356,4
3357,5
3358,5
3359,2
3360,5
3361,1
3362,6
3363,2
3364,1
3365,6
3366,5
3367,2
3368,1
3369,6
3370,4
3371,2
3372,4
3373,4
3374,1
3375,6
3376,6
3377,1
3378,6
3379,5
3380,1
3381,1
3382,1
3383,6
3384,3
3385,2
3386,6
3387,6
3388,6
3389,4
3390,6
3391,5
3392,4
3393,5
3394,6
3395,6
3396,6
3397,6
3398,6
3399,5
3400,6
3401,1
3402,5
3403,6
3404,6
3405,5
3406,4
3407,6
3408,5
3409,1
3410,6
3411,4
3412,6
3413,6
3414,6
3415,6
3416,3
3417,6
3418,5
3419,2
3420,2
3421,1
3422,6
3423,3
3424,4
3425,6
3426,5
3427,4
3428,6
3429,6
3430,5
3431,6
3432,4
3433,2
3434,5
3435,6
3436,6
3437,6
3438,6
3439,6
3440,3
3441,6
3442,6
3443,3
3444,6
3445,6
3446,6
3447,6
3448,6
3449,3
3450,6
3451,4
3452,5
3453,3
3454,6
3455,6
3456,6
3457,4
3458,6
3459,4
3460,6
3461,6
3462,4
3463,3
3464,3
3465,4
3466,6
3467,3
3468,3
3469,1
3470,6
3471,6
3472,4
3473,6
3474,4
3475,1
3476,6
3477,1
3478,1
3479,6
3480,6
3481,4
3482,5
3483,4
3484,6
3485,6
3486,2
3487,6
3488,6
3489,6
3490,6
3491,6
3492,6
3493,3
3494,1
3495,2
3496,5
3497,6
3498,6
3499,6
3500,6
3501,1
3502,6
3503,3
3504,5
3505,1
3506,5
3507,6
3508,2
3509,6
3510,5
3511,5
3512,2
3513,1
3514,6
3515,2
3516,6
3517,4
3518,5
3519,5
3520,5
3521,6
3522,4
3523,3
3524,4
3525,6
3526,2
3527,3
3528,6
3529,6
3530,3
3531,3
3532,3
3533,4
3534,4
3535,1
3536,4
3537,2
3538,2
3539,3
3540,2
3541,4
3542,3
3543,6
3544,6
3545,2
3546,6
3547,5
3548,6
3549,3
3550,6
3551,6
3552,2
3553,6
3554,5
3555,5
3556,5
3557,5
3558,1
3559,2
3560,6
3561,5
3562,1
3563,2
3564,6
3565,5
3566,1
3567,5
3568,6
3569,2
3570,1
3571,4
3572,5
3573,2
3574,1
3575,2
3576,6
3577,1
3578,6
3579,2
3580,6
3581,6
3582,2
3583,1
3584,6
3585,6
3586,6
3587,6
3588,6
3589,2
3590,6
3591,3
3592,6
3593,1
3594,6
3595,6
3596,6
3597,6
3598,6
3599,1
3600,3
3601,2
3602,4
3603,4
3604,2
3605,2
3606,5
3607,2
3608,3
3609,1
3610,1
3611,4
3612,1
3613,1
3614,4
3615,1
3616,2
3617,2
3618,3
3619,2
3620,4
3621,3
3622,1
3623,6
3624,6
3625,6
3626,6
3627,5
3628,6
3629,6
3630,6
3631,5
3632,6
3633,4
3634,1
3635,5
3636,6
3637,6
3638,1
3639,4
3640,5
3641,6
3642,2
3643,6
3644,4
3645,2
3646,4
3647,5
3648,1
3649,6
3650,5
3651,5
3652,3
3653,1
3654,3
3655,2
3656,2
3657,3
3658,2
3659,3
3660,1
3661,6
3662,2
3663,3
3664,2
3665,4
3666,5
3667,5
3668,5
3669,4
3670,1
3671,1
3672,2
3673,1
3674,5
3675,3
3676,1
3677,4
3678,5
3679,6
3680,4
3681,6
3682,6
3683,6
3684,2
3685,6
3686,1
3687,6
3688,6
3689,2
3690,6
3691,6
3692,6
3693,6
3694,4
3695,1
3696,6
3697,3
3698,6
3699,3
3700,4
3701,6
3702,4
3703,3
3704,6
3705,3
3706,2
3707,6
3708,6
3709,1
3710,1
3711,6
3712,3
3713,2
3714,3
3715,2
3716,4
3717,4
3718,2
3719,1
3720,5
3721,4
3722,4
3723,3
3724,1
3725,3
3726,3
3727,2
3728,5
3729,4
3730,4
3731,5
3732,2
3733,6
3734,1
3735,3
3736,3
3737,6
3738,6
3739,6
3740,4
3741,6
3742,6
3743,6
3744,6
3745,6
3746,6
3747,4
3748,5
3749,6
3750,6
3751,6
3752,4
3753,1
3754,4
3755,2
3756,5
3757,5
3758,1
3759,4
3760,6
3761,6
3762,6
3763,2
3764,5
3765,6
3766,6
3767,5
3768,4
3769,3
3770,1
3771,4
3772,6
3773,6
3774,5
3775,5
3776,5
3777,6
3778,6
3779,2
3780,6
3781,1
3782,6
3783,6
3784,6
3785,1
3786,1
3787,6
3788,1
3789,6
3790,6
3791,5
3792,6
3793,1
3794,6
3795,5
3796,2
3797,6
3798,6
3799,5
3800,6
3801,5
3802,5
3803,4
3804,4
3805,2
3806,6
3807,5
3808,3
3809,5
3810,4
3811,3
3812,2
3813,2
3814,4
3815,6
3816,6
3817,5
3818,6
3819,6
3820,6
3821,3
3822,6
3823,5
3824,4
3825,1
3826,6
3827,6
3828,6
3829,1
3830,3
3831,6
3832,1
3833,6
3834,5
3835,5
3836,4
3837,1
3838,6
3839,1
3840,5
3841,4
3842,2
3843,6
3844,6
3845,6
3846,6
3847,5
3848,6
3849,6
3850,6
3851,6
3852,6
3853,6
3854,4
3855,5
3856,6
3857,6
3858,6
3859,2
3860,2
3861,3
3862,6
3863,6
3864,6
3865,2
3866,4
3867,6
3868,4
3869,6
3870,6
3871,2
3872,1
3873,6
3874,5
3875,4
3876,6
3877,5
3878,2
3879,2
3880,4
3881,3
3882,6
3883,4
3884,1
3885,6
3886,1
3887,1
3888,4
3889,3
3890,2
3891,1
3892,5
3893,1
3894,3
3895,4
3896,1
3897,4
3898,3
3899,6
3900,6
3901,1
3902,5
3903,6
3904,6
3905,3
3906,2
3907,4
3908,6
3909,1
3910,1
3911,2
3912,2
3913,6
3914,1
3915,5
3916,1
3917,2
3918,2
3919,6
3920,1
3921,2
3922,2
3923,5
3924,1
3925,6
3926,5
3927,3
3928,4
3929,1
3930,1
3931,6
3932,6
3933,6
3934,6
3935,6
3936,1
3937,6
3938,5
3939,6
3940,6
3941,1
3942,6
3943,6
3944,6
3945,3
3946,1
3947,6
3948,6
3949,6
3950,4
3951,1
3952,4
3953,3
3954,4
3955,2
3956,4
3957,6
3958,2
3959,4
3960,3
3961,6
3962,6
3963,2
3964,6
3965,6
3966,6
3967,6
3968,6
3969,6
3970,6
3971,3
3972,1
3973,2
3974,6
3975,6
3976,6
3977,1
3978,5
3979,4
3980,1
3981,6
3982,3
3983,6
3984,6
3985,1
3986,6
3987,4
3988,6
3989,4
3990,4
3991,3
3992,1
3993,4
3994,4
3995,6
3996,3
3997,3
3998,6
3999,5
4000,5
4001,6
4002,1
4003,2
4004,6
4005,4
4006,5
4007,3
4008,1
4009,3
4010,1
4011,4
4012,3
4013,6
4014,3
4015,6
4016,2
4017,6
4018,4
4019,6
4020,5
4021,1
4022,5
4023,5
4024,4
4025,6
4026,5
4027,5
4028,6
4029,4
4030,2
4031,4
4032,4
4033,2
4034,5
4035,5
4036,3
4037,1
4038,2
4039,6
4040,4
4041,2
4042,6
4043,6
4044,4
4045,5
4046,2
4047,3
4048,4
4049,2
4050,4
4051,2
4052,5
4053,4
4054,1
4055,4
4056,5
4057,2
4058,5
4059,3
4060,1
4061,1
4062,1
4063,2
4064,6
4065,6
4066,6
4067,6
4068,2
4069,5
4070,5
4071,1
4072,6
4073,5
4074,6
4075,1
4076,6
4077,6
4078,6
4079,5
4080,4
4081,6
4082,3
4083,3
4084,4
4085,2
4086,6
4087,6
4088,2
4089,5
4090,5
4091,6
4092,4
4093,2
4094,6
4095,1
4096,6
4097,6
4098,2
4099,6
4100,6
4101,2
4102,4
4103,6
4104,1
4105,6
4106,1
4107,6
4108,6
4109,6
4110,6
4111,6
4112,6
4113,1
4114,6
4115,6
4116,1
4117,3
4118,2
4119,4
4120,6
4121,5
4122,5
4123,6
4124,6
4125,1
4126,6
4127,6
4128,2
4129,1
4130,5
4131,6
4132,6
4133,3
4134,5
4135,4
4136,1
4137,2
4138,1
4139,5
4140,4
4141,1
4142,4
4143,4
4144,6
4145,6
4146,6
4147,6
4148,6
4149,6
4150,1
4151,2
4152,3
4153,2
4154,6
4155,2
4156,6
4157,4
4158,1
4159,3
4160,2
4161,5
4162,3
4163,4
4164,6
4165,5
4166,6
4167,1
4168,5
4169,6
4170,4
4171,5
4172,3
4173,2
4174,1
4175,4
4176,6
4177,2
4178,1
4179,1
4180,6
4181,2
4182,6
4183,2
4184,2
4185,2
4186,2
4187,4
4188,5
4189,6
4190,3
4191,4
4192,5
4193,6
4194,4
4195,6
4196,1
4197,2
4198,1
4199,5
4200,2
4201,4
4202,1
4203,4
4204,2
4205,3
4206,5
4207,4
4208,3
4209,4
4210,5
4211,3
4212,3
4213,3
4214,5
4215,4
4216,4
4217,1
4218,5
4219,5
4220,1
4221,5
4222,6
4223,5
4224,4
4225,4
4226,1
4227,4
4228,2
4229,6
4230,3
4231,5
4232,4
4233,1
4234,4
4235,5
4236,2
4237,4
4238,6
4239,5
4240,2
4241,5
4242,4
4243,4
4244,3
4245,4
4246,6
4247,4
4248,2
4249,6
4250,1
4251,6
4252,1
4253,3
4254,1
4255,2
4256,2
4257,1
4258,3
4259,1
4260,3
4261,6
4262,5
4263,1
4264,3
4265,2
4266,1
4267,6
4268,6
4269,2
4270,1
4271,4
4272,4
4273,1
4274,5
4275,2
4276,3
4277,2
4278,2
4279,4
4280,6
4281,6
4282,6
4283,5
4284,6
4285,5
4286,3
4287,1
4288,1
4289,6
4290,2
4291,6
4292,3
4293,6
4294,4
4295,4
4296,1
4297,4
4298,1
4299,6
4300,3
4301,5
4302,3
4303,2
4304,4
4305,1
4306,4
4307,6
4308,4
4309,4
4310,5
4311,5
4312,6
4313,1
4314,1
4315,2
4316,3
4317,2
4318,2
4319,3
4320,2
4321,4
4322,2
4323,5
4324,4
4325,6
4326,6
4327,6
4328,2
4329,5
4330,3
4331,5
4332,6
4333,1
4334,6
4335,3
4336,6
4337,6
4338,4
4339,6
4340,2
4341,6
4342,1
4343,5
4344,5
4345,5
4346,6
4347,6
4348,1
4349,6
4350,4
4351,6
4352,6
4353,2
4354,6
4355,4
4356,5
4357,6
4358,3
4359,1
4360,2
4361,6
4362,6
4363,6
4364,6
4365,6
4366,3
4367,6
4368,4
4369,6
4370,1
4371,4
4372,6
4373,2
4374,2
4375,6
4376,6
4377,6
4378,6
4379,1
4380,6
4381,3
4382,6
4383,6
4384,6
4385,6
4386,6
4387,3
4388,6
4389,1
4390,5
4391,3
4392,3
4393,6
4394,6
4395,4
4396,5
4397,1
4398,3
4399,5
4400,4
4401,3
4402,2
4403,4
4404,2
4405,6
4406,6
4407,5
4408,3
4409,6
4410,6
4411,6
4412,1
4413,6
4414,3
4415,6
4416,2
4417,3
4418,5
4419,2
4420,1
4421,5
4422,5
4423,4
4424,2
4425,4
4426,6
4427,5
4428,6
4429,2
4430,5
4431,6
4432,5
4433,6
4434,5
4435,6
4436,3
4437,6
4438,3
4439,6
4440,6
4441,6
4442,3
4443,6
4444,6
4445,2
4446,6
4447,6
4448,6
4449,6
4450,3
4451,2
4452,6
4453,6
4454,6
4455,6
4456,6
4457,3
4458,3
4459,6
4460,5
4461,6
4462,6
4463,1
4464,6
4465,4
4466,5
4467,6
4468,3
4469,2
4470,2
4471,1
4472,3
4473,2
4474,5
4475,5
4476,3
4477,2
4478,3
4479,1
4480,3
4481,1
4482,1
4483,5
4484,2
4485,4
4486,6
4487,1
4488,1
4489,6
4490,6
4491,6
4492,4
4493,6
4494,2
4495,2
4496,6
4497,3
4498,5
4499,5
4500,1
4501,6
4502,5
4503,5
4504,1
4505,1
4506,2
4507,1
4508,3
4509,3
4510,1
4511,4
4512,3
4513,3
4514,5
4515,1
4516,5
4517,2
4518,6
4519,3
4520,2
4521,6
4522,6
4523,3
4524,6
4525,6
4526,6
4527,6
4528,4
4529,6
4530,3
4531,6
4532,5
4533,6
4534,1
4535,4
4536,1
4537,4
4538,4
4539,5
4540,5
4541,2
4542,4
4543,5
4544,5
4545,6
4546,4
4547,2
4548,1
4549,2
4550,2
4551,3
4552,4
4553,1
4554,2
4555,1
4556,5
4557,6
4558,6
4559,1
4560,6
4561,2
4562,6
4563,2
4564,5
4565,5
4566,6
4567,2
4568,3
4569,6
4570,3
4571,4
4572,4
4573,5
4574,2
4575,4
4576,3
4577,1
4578,5
4579,5
4580,6
4581,3
4582,2
4583,6
4584,6
4585,1
4586,5
4587,1
4588,6
4589,4
4590,4
4591,4
4592,3
4593,6
4594,2
4595,6
4596,1
4597,3
4598,5
4599,5
4600,6
4601,6
4602,5
4603,6
4604,6
4605,3
4606,6
4607,2
4608,2
4609,6
4610,5
4611,2
4612,3
4613,2
4614,6
4615,6
4616,6
4617,6
4618,6
4619,1
4620,1
4621,4
4622,3
4623,3
4624,4
4625,6
4626,5
4627,1
4628,6
4629,6
4630,5
4631,1
4632,3
4633,2
4634,6
4635,3
4636,4
4637,4
4638,1
4639,1
4640,3
4641,6
4642,5
4643,1
4644,2
4645,4
4646,6
4647,6
4648,5
4649,6
4650,5
4651,5
4652,4
4653,3
4654,6
4655,6
4656,2
4657,2
4658,4
4659,5
4660,3
4661,5
4662,1
4663,6
4664,5
4665,1
4666,6
4667,6
4668,6
4669,2
4670,5
4671,6
4672,4
4673,6
4674,4
4675,6
4676,5
4677,6
4678,6
4679,4
4680,6
4681,6
4682,6
4683,6
4684,5
4685,5
4686,3
4687,5
4688,4
4689,6
4690,4
4691,3
4692,1
4693,2
4694,3
4695,4
4696,2
4697,1
4698,4
4699,4
4700,6
4701,4
4702,5
4703,5
4704,2
4705,4
4706,2
4707,6
4708,1
4709,2
4710,5
4711,2
4712,4
4713,6
4714,2
4715,5
4716,4
4717,1
4718,5
4719,5
4720,6
4721,1
4722,3
4723,3
4724,5
4725,4
4726,5
4727,3
4728,3
4729,1
4730,2
4731,4
4732,1
4733,5
4734,1
4735,3
4736,4
4737,5
4738,6
4739,1
4740,5
4741,2
4742,2
4743,6
4744,6
4745,3
4746,2
4747,5
4748,2
4749,6
4750,5
4751,6
4752,2
4753,6
4754,6
4755,2
4756,4
4757,4
4758,6
4759,5
4760,3
4761,6
4762,2
4763,4
4764,2
4765,6
4766,1
4767,2
4768,4
4769,3
4770,6
4771,2
4772,6
4773,6
4774,6
4775,6
4776,2
4777,4
4778,6
4779,6
4780,6
4781,1
4782,6
4783,6
4784,6
4785,6
4786,5
4787,2
4788,6
4789,1
4790,6
4791,6
4792,5
4793,6
4794,1
4795,6
4796,6
4797,6
4798,2
4799,6
4800,3
4801,2
4802,6
4803,1
4804,6
4805,5
4806,6
4807,6
4808,6
4809,4
4810,2
4811,4
4812,6
4813,6
4814,6
4815,6
4816,6
4817,6
4818,6
4819,6
4820,6
4821,5
4822,6
4823,4
4824,4
4825,1
4826,3
4827,2
4828,6
4829,3
4830,1
4831,3
4832,6
4833,6
4834,2
4835,3
4836,5
4837,1
4838,2
4839,6
4840,3
4841,6
4842,6
4843,3
4844,6
4845,6
4846,6
4847,4
4848,1
4849,6
4850,2
4851,3
4852,6
4853,5
4854,2
4855,5
4856,5
4857,6
4858,4
4859,5
4860,5
4861,6
4862,3
4863,2
4864,4
4865,3
4866,3
4867,5
4868,3
4869,6
4870,3
4871,5
4872,3
4873,5
4874,2
4875,6
4876,4
4877,6
4878,6
4879,2
4880,5
4881,5
4882,6
4883,4
4884,2
4885,1
4886,1
4887,3
4888,4
4889,2
4890,2
4891,5
4892,5
4893,4
4894,2
4895,1
4896,2
4897,3
4898,3
4899,5
4900,1
4901,5
4902,5
4903,4
4904,6
4905,6
4906,5
4907,3
4908,2
4909,1
4910,4
4911,4
4912,3
4913,3
4914,1
4915,4
4916,6
4917,3
4918,1
4919,1
4920,5
4921,6
4922,2
4923,3
4924,4
4925,3
4926,3
4927,6
4928,3
4929,2
4930,6
4931,3
4932,1
4933,4
4934,1
4935,4
4936,3
4937,1
4938,5
4939,6
4940,1
4941,6
4942,3
4943,6
4944,4
4945,6
4946,3
4947,3
4948,2
4949,6
4950,6
4951,6
4952,6
4953,2
4954,6
4955,4
4956,6
4957,4
4958,6
4959,5
4960,5
4961,5
4962,3
4963,2
4964,6
4965,5
4966,1
4967,3
4968,3
4969,6
4970,6
4971,4
4972,6
4973,3
4974,3
4975,2
4976,3
4977,6
4978,6
4979,6
4980,2
4981,6
4982,3
4983,2
4984,4
4985,6
4986,2
4987,4
4988,6
4989,2
4990,2
4991,6
4992,1
4993,6
4994,6
4995,2
4996,2
4997,4
4998,6
4999,6
