Date,Open,High,Low,Close,Volume,Symbol,Label
2010/1/4,30.49,30.64,30.34,30.57,123432050,AAPL,0
2010/1/5,30.66,30.8,30.46,30.63,150476004,AAPL,1
2010/1/6,30.63,30.75,30.11,30.14,138039594,AAPL,1
2010/1/7,30.25,30.29,29.86,30.08,119282324,AAPL,0
2010/1/8,30.04,30.29,29.87,30.28,111969081,AAPL,1
2010/1/11,30.4,30.43,29.78,30.02,115557365,AAPL,1
2010/1/12,29.88,29.97,29.49,29.67,148614774,AAPL,0
2010/1/13,29.7,30.13,29.16,30.09,151472335,AAPL,1
2010/1/14,30.02,30.07,29.86,29.92,108288411,AAPL,1
2010/1/15,30.13,30.23,29.41,29.42,148584065,AAPL,0
2010/1/19,29.76,30.74,29.61,30.72,182501620,AAPL,1
2010/1/20,30.7,30.79,29.93,30.25,153037892,AAPL,1
2010/1/21,30.3,30.47,29.6,29.72,152038565,AAPL,1
2010/1/22,29.54,29.64,28.17,28.25,220441872,AAPL,0
2010/1/25,28.93,29.24,28.6,29.01,266424802,AAPL,0
2010/1/26,29.42,30.53,28.94,29.42,466777486,AAPL,0
2010/1/27,29.55,30.08,28.5,29.7,430642030,AAPL,1
2010/1/28,29.28,29.36,28.39,28.47,293375376,AAPL,1
2010/1/29,28.73,28.89,27.18,27.44,311487785,AAPL,0
2010/2/1,27.48,28,27.33,27.82,187468421,AAPL,0
2010/2/2,27.99,28.05,27.63,27.98,174585313,AAPL,0
2010/2/3,27.88,28.6,27.77,28.46,153831769,AAPL,1
2010/2/4,28.1,28.34,27.37,27.44,189412762,AAPL,0
2010/2/5,27.52,28,27.26,27.92,212576350,AAPL,1
2010/2/8,27.96,28.27,27.71,27.73,119567119,AAPL,0
2010/2/9,28.06,28.21,27.82,28.03,158221028,AAPL,1
2010/2/10,27.98,28.09,27.75,27.87,92590218,AAPL,0
2010/2/11,27.84,28.54,27.72,28.38,137585903,AAPL,0
2010/2/12,28.3,28.81,27.93,28.63,163866906,AAPL,0
2010/2/16,28.85,29.1,28.79,29.06,135987761,AAPL,1
2010/2/17,29.17,29.19,28.69,28.94,109098710,AAPL,0
2010/2/18,28.8,29.13,28.7,28.99,105706111,AAPL,1
2010/2/19,28.84,29.03,28.73,28.81,103933466,AAPL,1
2010/2/22,28.91,28.93,28.46,28.63,97706168,AAPL,1
2010/2/23,28.57,28.76,27.96,28.15,143828223,AAPL,0
2010/2/24,28.32,28.78,28.26,28.66,115141376,AAPL,0
2010/2/25,28.2,28.98,28.13,28.86,166349071,AAPL,0
2010/2/26,28.91,29.31,28.86,29.23,126865060,AAPL,0
2010/3/1,29.39,29.93,29.35,29.86,137523183,AAPL,1
2010/3/2,29.99,30.12,29.68,29.84,141636152,AAPL,0
2010/3/3,29.85,29.98,29.71,29.9,93059694,AAPL,0
2010/3/4,29.9,30.13,29.8,30.1,91509936,AAPL,0
2010/3/5,30.71,31.39,30.66,31.28,224904603,AAPL,0
2010/3/8,31.43,31.44,31.18,31.3,107472239,AAPL,0
2010/3/9,31.19,32.14,31.13,31.86,230064660,AAPL,0
2010/3/10,31.98,32.21,31.89,32.12,149054143,AAPL,0
2010/3/11,31.99,32.21,31.9,32.21,101424638,AAPL,0
2010/3/12,32.48,32.53,32.25,32.37,104080620,AAPL,1
2010/3/15,32.2,32.21,31.46,31.98,123375091,AAPL,0
2010/3/16,32.03,32.14,31.79,32.06,111726636,AAPL,1
2010/3/17,32.13,32.35,31.9,32.02,112738997,AAPL,0
2010/3/18,32.01,32.14,31.8,32.09,85527113,AAPL,1
2010/3/19,32.11,32.18,31.6,31.75,139861148,AAPL,0
2010/3/22,31.5,32.29,31.45,32.11,114104634,AAPL,0
2010/3/23,32.23,32.68,32.01,32.62,150607177,AAPL,0
2010/3/24,32.52,32.89,32.5,32.77,149570232,AAPL,1
2010/3/25,32.99,33,32.32,32.38,135816674,AAPL,0
2010/3/26,32.71,33.14,32.65,32.99,160218135,AAPL,0
2010/3/29,33.29,33.41,33.09,33.2,135185785,AAPL,0
2010/3/30,33.8,33.93,33.46,33.69,131827325,AAPL,1
2010/3/31,33.64,33.8,33.49,33.57,107664557,AAPL,0
2010/4/5,33.57,34.07,33.54,34.07,171126319,AAPL,0
2010/4/6,34.03,34.32,33.86,34.22,111754188,AAPL,0
2010/4/7,34.25,34.56,34.09,34.37,157125031,AAPL,1
2010/4/8,34.35,34.51,34.01,34.28,143246621,AAPL,0
2010/4/9,34.49,34.56,34.35,34.54,83545644,AAPL,0
2010/4/12,34.6,34.72,34.54,34.61,83303836,AAPL,0
2010/4/13,34.55,34.69,34.44,34.63,76552525,AAPL,0
2010/4/14,35.04,35.12,34.87,35.1,101018554,AAPL,0
2010/4/15,35.11,35.58,35.07,35.56,94195920,AAPL,1
2010/4/16,35.51,35.88,34.94,35.34,187635966,AAPL,1
2010/4/19,35.29,35.41,34.54,35.3,141730491,AAPL,1
2010/4/20,35.51,35.61,34.71,34.94,184580977,AAPL,0
2010/4/21,36.97,37.18,36.53,37.03,245597800,AAPL,0
2010/4/22,36.89,38.11,36.6,38.07,198355815,AAPL,0
2010/4/23,38.28,38.88,38.14,38.69,199238354,AAPL,1
2010/4/26,38.84,38.92,38.31,38.5,119767011,AAPL,1
2010/4/27,38.18,38.26,37.22,37.43,177335424,AAPL,1
2010/4/28,37.61,37.71,36.63,37.37,189599970,AAPL,0
2010/4/29,37.57,38.57,37.43,38.38,139709745,AAPL,1
2010/4/30,38.47,38.65,37.29,37.3,135615676,AAPL,0
2010/5/3,37.69,38.27,37.55,38.05,113585031,AAPL,1
2010/5/4,37.58,37.61,36.68,36.95,180954830,AAPL,1
2010/5/5,36.15,36.88,35.53,36.57,220775786,AAPL,1
2010/5/6,36.26,36.89,28.46,35.18,321464892,AAPL,1
2010/5/7,34.82,35.22,32.17,33.69,419004292,AAPL,0
2010/5/10,35.75,36.38,35.5,36.28,246076208,AAPL,0
2010/5/11,35.98,37.13,35.79,36.65,212587809,AAPL,0
2010/5/12,37.04,37.59,36.96,37.44,163594375,AAPL,1
2010/5/13,37.6,37.86,36.63,36.91,149927526,AAPL,1
2010/5/14,36.45,36.64,35.64,36.26,189840357,AAPL,0
2010/5/17,36.39,36.6,35.39,36.32,190708252,AAPL,1
2010/5/18,36.71,36.94,35.75,36.05,195668956,AAPL,1
2010/5/19,35.64,36.13,34.98,35.48,256431406,AAPL,1
2010/5/20,34.55,34.84,33.74,33.97,320728737,AAPL,0
2010/5/21,33.26,34.93,33.05,34.62,305976755,AAPL,0
2010/5/24,35.33,35.84,35.18,35.25,188561359,AAPL,1
2010/5/25,34.19,35.25,33.88,35.03,262003357,AAPL,1
2010/5/26,35.73,36.02,34.82,34.87,212664144,AAPL,0
2010/5/27,35.8,36.27,35.59,36.19,166575339,AAPL,0
2010/5/28,37.06,37.06,36.19,36.7,203903217,AAPL,0
2010/6/1,37.1,37.99,36.99,37.26,219118382,AAPL,0
2010/6/2,37.79,37.83,37.19,37.71,172136524,AAPL,1
2010/6/3,37.88,37.94,37.2,37.59,162539314,AAPL,1
2010/6/4,36.89,37.41,36.38,36.57,189610442,AAPL,1
2010/6/7,36.9,37.02,35.79,35.85,221745538,AAPL,1
2010/6/8,36.18,36.26,35.09,35.62,250192019,AAPL,1
2010/6/9,35.92,35.99,34.64,34.74,213657171,AAPL,0
2010/6/10,34.98,35.85,34.6,35.79,194088937,AAPL,0
2010/6/11,35.46,36.27,35.34,36.22,136439884,AAPL,0
2010/6/14,36.57,37.02,36.29,36.33,150740100,AAPL,0
2010/6/15,36.52,37.12,36.5,37.1,146268297,AAPL,0
2010/6/16,37.3,38.25,37.23,38.18,195922370,AAPL,0
2010/6/17,38.66,38.99,38.5,38.84,218365231,AAPL,0
2010/6/18,38.89,39.29,38.77,39.15,196154945,AAPL,1
2010/6/21,39.67,39.86,38.39,38.6,194122453,AAPL,0
2010/6/22,38.88,39.42,38.79,39.12,179314996,AAPL,1
2010/6/23,39.23,39.24,38.27,38.71,192113733,AAPL,1
2010/6/24,38.71,39.03,38.3,38.43,178782814,AAPL,1
2010/6/25,38.58,38.61,37.97,38.1,137485271,AAPL,0
2010/6/28,38.13,38.54,37.79,38.33,146358254,AAPL,1
2010/6/29,37.73,37.77,36.33,36.6,283336130,AAPL,1
2010/6/30,36.67,36.85,35.72,35.93,184867060,AAPL,1
2010/7/1,36.33,36.4,34.75,35.5,255738140,AAPL,1
2010/7/2,35.78,35.85,34.74,35.28,173624381,AAPL,0
2010/7/6,35.86,36.11,35.17,35.52,153808676,AAPL,0
2010/7/7,35.78,36.97,35.68,36.95,163639812,AAPL,1
2010/7/8,37.5,37.56,36.41,36.87,184537661,AAPL,0
2010/7/9,36.7,37.13,36.45,37.09,108393537,AAPL,1
2010/7/12,36.93,37.41,36.41,36.76,140719236,AAPL,1
2010/7/13,36.62,36.63,35.2,35.97,297738658,AAPL,0
2010/7/14,35.63,36.54,35.57,36.1,203042784,AAPL,1
2010/7/15,35.46,36.71,35.33,35.92,206215849,AAPL,1
2010/7/16,36.17,36.42,35.49,35.7,259964376,AAPL,1
2010/7/19,35.7,35.7,34.23,35.08,256124484,AAPL,0
2010/7/20,34.7,36.13,34.29,35.98,268737511,AAPL,0
2010/7/21,37.87,37.88,36.29,36.32,296417422,AAPL,0
2010/7/22,36.81,37.14,36.47,37,161329322,AAPL,0
2010/7/23,36.73,37.2,36.61,37.13,133346661,AAPL,1
2010/7/26,37.14,37.16,36.82,37.04,105137452,AAPL,0
2010/7/27,37.27,37.83,37.19,37.73,146192641,AAPL,1
2010/7/28,37.67,38,37.18,37.28,129996090,AAPL,1
2010/7/29,37.24,37.52,36.59,36.87,160951385,AAPL,1
2010/7/30,36.56,37.1,36.41,36.75,112113960,AAPL,0
2010/8/2,37.21,37.51,37.09,37.41,107021026,AAPL,0
2010/8/3,37.29,37.61,37.06,37.42,104413218,AAPL,0
2010/8/4,37.55,37.75,37.19,37.57,105139076,AAPL,1
2010/8/5,37.39,37.6,37.22,37.39,72340618,AAPL,1
2010/8/6,37.11,37.36,36.8,37.16,111253310,AAPL,0
2010/8/9,37.35,37.45,37.08,37.39,75781356,AAPL,1
2010/8/10,37.12,37.21,36.79,37.06,112979405,AAPL,1
2010/8/11,36.49,36.53,35.69,35.74,155013068,AAPL,0
2010/8/12,35.24,36.16,35.16,35.97,133729834,AAPL,1
2010/8/13,35.95,35.98,35.58,35.59,88716635,AAPL,1
2010/8/16,35.37,35.72,35.23,35.38,79606849,AAPL,0
2010/8/17,35.73,36.38,35.6,36,105662221,AAPL,0
2010/8/18,36.05,36.38,35.94,36.15,84923923,AAPL,1
2010/8/19,36.12,36.21,35.53,35.7,106676227,AAPL,1
2010/8/20,35.63,36.27,35.57,35.66,96057206,AAPL,1
2010/8/23,35.97,36,35.04,35.11,103516812,AAPL,1
2010/8/24,34.67,34.71,34.09,34.28,150638208,AAPL,0
2010/8/25,34.01,34.86,33.89,34.7,149216228,AAPL,1
2010/8/26,35.06,35.11,34.33,34.33,116625803,AAPL,0
2010/8/27,34.54,34.66,33.65,34.52,137146576,AAPL,0
2010/8/30,34.39,35.11,34.38,34.64,95821894,AAPL,0
2010/8/31,34.55,34.94,34.34,34.73,105196602,AAPL,0
2010/9/1,35.35,35.92,35.18,35.76,174258805,AAPL,0
2010/9/2,35.89,36.02,35.51,36.02,103856298,AAPL,0
2010/9/3,36.44,36.97,36.36,36.97,130197067,AAPL,1
2010/9/7,36.66,37.08,36.61,36.83,85706313,AAPL,0
2010/9/8,37.11,37.77,37.01,37.56,131637114,AAPL,0
2010/9/9,37.86,38.07,37.56,37.58,109643597,AAPL,0
2010/9/10,37.6,37.79,37.34,37.63,96940319,AAPL,0
2010/9/13,37.97,38.33,37.97,38.15,97194965,AAPL,0
2010/9/14,38.03,38.45,37.93,38.29,102037313,AAPL,0
2010/9/15,38.31,38.63,38.26,38.6,107341570,AAPL,0
2010/9/16,38.61,39.52,38.5,39.51,163025387,AAPL,1
2010/9/17,39.67,39.71,39.1,39.34,158618691,AAPL,0
2010/9/20,39.44,40.54,39.41,40.46,164822833,AAPL,0
2010/9/21,40.55,41.05,40.4,40.54,167418881,AAPL,0
2010/9/22,40.39,41.14,40.34,41.11,146353774,AAPL,0
2010/9/23,40.9,41.82,40.86,41.27,196528871,AAPL,0
2010/9/24,41.73,41.93,41.51,41.76,162371804,AAPL,1
2010/9/27,42,42.1,41.57,41.6,120774913,AAPL,1
2010/9/28,41.68,41.68,39.29,40.98,258760411,AAPL,0
2010/9/29,41.03,41.4,40.86,41.05,117410608,AAPL,1
2010/9/30,41.29,41.43,40.18,40.54,168347452,AAPL,1
2010/10/1,40.88,40.94,40.19,40.36,112101444,AAPL,1
2010/10/4,40.23,40.41,39.68,39.81,108824968,AAPL,0
2010/10/5,40.29,41.35,40.26,41.28,125491450,AAPL,0
2010/10/6,41.37,41.71,40.75,41.31,167716514,AAPL,0
2010/10/7,41.48,41.5,40.99,41.32,102099277,AAPL,0
2010/10/8,41.67,42.07,41.43,42.01,164600814,AAPL,0
2010/10/11,42.11,42.46,42.09,42.19,106937733,AAPL,0
2010/10/12,42.2,42.79,41.78,42.65,139634663,AAPL,0
2010/10/13,42.89,43.14,42.83,42.88,157522589,AAPL,0
2010/10/14,43.1,43.21,42.91,43.19,108823925,AAPL,0
2010/10/15,43.92,45,43.56,44.96,230548444,AAPL,0
2010/10/18,45.5,45.57,44.9,45.43,276114391,AAPL,1
2010/10/19,43.34,44.82,42.86,44.21,308189833,AAPL,0
2010/10/20,44.14,44.89,43.84,44.36,180406030,AAPL,1
2010/10/21,44.62,44.96,43.83,44.22,137864321,AAPL,1
2010/10/22,44.15,44.29,43.76,43.92,93193856,AAPL,0
2010/10/25,44.16,44.51,44.06,44.12,98107996,AAPL,1
2010/10/26,43.84,44.25,43.66,44.01,98232337,AAPL,1
2010/10/27,43.95,44.27,43.66,43.98,99750070,AAPL,1
2010/10/28,43.99,44,42.99,43.61,137761540,AAPL,1
2010/10/29,43.46,43.7,42.98,43,107627128,AAPL,0
2010/11/1,43.17,43.66,43.17,43.45,105972251,AAPL,0
2010/11/2,43.86,44.31,43.86,44.19,108482437,AAPL,0
2010/11/3,44.48,44.7,44.08,44.69,127086848,AAPL,0
2010/11/4,45.06,45.74,45,45.47,160621979,AAPL,1
2010/11/5,45.43,45.65,45.25,45.3,90313265,AAPL,0
2010/11/8,45.31,45.68,45.25,45.52,70433307,AAPL,1
2010/11/9,45.86,45.9,44.93,45.15,95928805,AAPL,0
2010/11/10,45.23,45.54,44.79,45.43,96056373,AAPL,1
2010/11/11,45,45.49,44.89,45.24,90320433,AAPL,1
2010/11/12,45.14,45.21,43.38,44,198961462,AAPL,1
2010/11/15,44.07,44.36,43.75,43.86,100900954,AAPL,1
2010/11/16,43.67,43.94,42.76,43.08,164737342,AAPL,1
2010/11/17,43.03,43.43,42.54,42.93,119862407,AAPL,0
2010/11/18,43.6,44.24,43.53,44.06,123622443,AAPL,1
2010/11/19,44,44.06,43.61,43.82,96210793,AAPL,0
2010/11/22,43.81,44.77,43.7,44.77,98268492,AAPL,1
2010/11/23,44.35,44.54,43.79,44.1,129861284,AAPL,0
2010/11/24,44.57,45.06,44.54,44.97,103568136,AAPL,0
2010/11/26,44.82,45.39,44.71,45,59436237,AAPL,0
2010/11/29,45.07,45.35,44.48,45.27,111439895,AAPL,1
2010/11/30,44.79,44.91,44.41,44.45,125463303,AAPL,0
2010/12/1,45.04,45.39,45,45.2,115437672,AAPL,0
2010/12/2,45.36,45.57,44.98,45.45,115912916,AAPL,1
2010/12/3,45.29,45.52,45.19,45.35,85592283,AAPL,0
2010/12/6,45.52,46.05,45.49,45.74,112120127,AAPL,1
2010/12/7,46.26,46.28,45.45,45.46,97863465,AAPL,0
2010/12/8,45.66,45.86,45.3,45.86,80483501,AAPL,1
2010/12/9,46.02,46.07,45.57,45.68,73536526,AAPL,0
2010/12/10,45.66,45.86,45.51,45.79,65644243,AAPL,0
2010/12/13,46.34,46.44,45.86,45.95,109953333,AAPL,1
2010/12/14,45.96,46.08,45.57,45.76,87891762,AAPL,0
2010/12/15,45.71,46.14,45.6,45.77,104327314,AAPL,0
2010/12/16,45.87,46.09,45.73,45.89,80507098,AAPL,1
2010/12/17,45.95,45.97,45.75,45.8,96787068,AAPL,0
2010/12/20,45.94,46.18,45.46,46.03,96402194,AAPL,0
2010/12/21,46.14,46.34,46.01,46.32,64087884,AAPL,0
2010/12/22,46.34,46.53,46.22,46.45,66536029,AAPL,1
2010/12/23,46.43,46.45,46.17,46.23,55875176,AAPL,0
2010/12/27,46.12,46.49,45.93,46.38,62453699,AAPL,0
2010/12/28,46.56,46.67,46.44,46.5,43980797,AAPL,1
2010/12/29,46.6,46.64,46.44,46.47,40817672,AAPL,1
2010/12/30,46.5,46.5,46.15,46.24,39414991,AAPL,1
2010/12/31,46.14,46.21,45.9,46.08,48413827,AAPL,0
2011/1/3,46.52,47.18,46.41,47.08,111280407,AAPL,0
2011/1/4,47.49,47.5,46.88,47.33,77337001,AAPL,0
2011/1/5,47.08,47.76,47.07,47.71,63879193,AAPL,1
2011/1/6,47.82,47.89,47.56,47.68,75106626,AAPL,0
2011/1/7,47.71,48.05,47.41,48.02,77982212,AAPL,0
2011/1/10,48.4,49.03,48.17,48.92,112139482,AAPL,1
2011/1/11,49.27,49.28,48.5,48.81,111019993,AAPL,0
2011/1/12,49.04,49.2,48.86,49.2,75644310,AAPL,0
2011/1/13,49.31,49.52,49.12,49.38,74536182,AAPL,0
2011/1/14,49.41,49.78,49.21,49.78,77209748,AAPL,1
2011/1/18,47.07,49.25,46.57,48.66,470246700,AAPL,1
2011/1/19,49.76,49.8,48.13,48.41,283902199,AAPL,1
2011/1/20,48.06,48.33,47.16,47.53,191197293,AAPL,1
2011/1/21,47.68,47.84,46.66,46.67,188599712,AAPL,0
2011/1/24,46.7,48.21,46.67,48.21,143670548,AAPL,0
2011/1/25,48.05,48.78,47.8,48.77,136716650,AAPL,0
2011/1/26,48.99,49.37,48.79,49.12,126716779,AAPL,1
2011/1/27,49.11,49.24,48.98,49.03,71255961,AAPL,1
2011/1/28,49.17,49.2,47.65,48.01,148014146,AAPL,0
2011/1/31,47.97,48.58,47.76,48.47,94311602,AAPL,0
2011/2/1,48.76,49.38,48.71,49.29,106657943,AAPL,1
2011/2/2,49.21,49.32,49.08,49.19,64738807,AAPL,1
2011/2/3,49.11,49.18,48.36,49.06,98449148,AAPL,0
2011/2/4,49.09,49.53,49.07,49.5,80459575,AAPL,0
2011/2/7,49.7,50.46,49.66,50.27,121254910,AAPL,0
2011/2/8,50.53,50.79,50.31,50.74,95259906,AAPL,0
2011/2/9,50.74,51.29,50.7,51.17,120686090,AAPL,1
2011/2/10,51.06,51.43,49.71,50.65,232137360,AAPL,0
2011/2/11,50.68,51.11,50.51,50.98,91892948,AAPL,0
2011/2/14,50.97,51.35,50.96,51.31,77603491,AAPL,0
2011/2/15,51.31,51.42,51.08,51.41,71043441,AAPL,0
2011/2/16,51.54,52.13,51.5,51.88,120288833,AAPL,1
2011/2/17,51.04,51.47,50.93,51.19,132643504,AAPL,1
2011/2/18,51.24,51.36,49.93,50.08,204011724,AAPL,1
2011/2/22,48.88,49.34,48.25,48.37,218135561,AAPL,0
2011/2/23,48.4,49.23,48.37,48.95,167962942,AAPL,0
2011/2/24,49.15,49.31,48.34,48.98,124974514,AAPL,0
2011/2/25,49.32,49.78,49.26,49.74,95004483,AAPL,0
2011/2/28,50.18,50.72,50.16,50.46,100768479,AAPL,1
2011/3/1,50.78,50.82,49.67,49.9,114032163,AAPL,0
2011/3/2,49.99,50.62,49.77,50.3,150647189,AAPL,0
2011/3/3,51.03,51.4,50.85,51.37,125196764,AAPL,0
2011/3/4,51.44,51.47,51.11,51.43,113316483,AAPL,1
2011/3/7,51.63,51.67,50.19,50.77,136530149,AAPL,0
2011/3/8,50.7,51.06,50.32,50.82,89078955,AAPL,1
2011/3/9,50.67,50.68,50.09,50.35,113349033,AAPL,1
2011/3/10,49.87,49.97,49.27,49.52,126972055,AAPL,0
2011/3/11,49.33,50.33,49.29,50.28,117770016,AAPL,0
2011/3/14,50.45,50.93,50.19,50.51,109113690,AAPL,1
2011/3/15,48.87,49.69,48.59,49.35,180262334,AAPL,1
2011/3/16,48.86,49,46.61,47.14,289187626,AAPL,0
2011/3/17,48.12,48.52,47.24,47.81,164854977,AAPL,1
2011/3/18,48.16,48.31,47.14,47.24,188302604,AAPL,0
2011/3/21,48,48.53,47.89,48.47,102347560,AAPL,0
2011/3/22,48.94,48.95,48.45,48.74,81558162,AAPL,1
2011/3/23,48.47,48.6,47.99,48.46,93248498,AAPL,0
2011/3/24,48.84,49.43,48.41,49.28,101177720,AAPL,0
2011/3/25,49.72,50.29,49.57,50.22,112292796,AAPL,1
2011/3/28,50.45,50.62,50.06,50.06,77337407,AAPL,0
2011/3/29,49.67,50.14,49.44,50.14,88224955,AAPL,1
2011/3/30,50.09,50.13,49.63,49.8,82351269,AAPL,1
2011/3/31,49.48,49.97,49.44,49.79,68592006,AAPL,1
2011/4/1,50.16,50.23,49.04,49.22,104665400,AAPL,1
2011/4/4,49.19,49.23,48.34,48.74,115020542,AAPL,1
2011/4/5,48.14,48.89,48,48.41,120740809,AAPL,1
2011/4/6,48.75,49.13,48.16,48.29,100634681,AAPL,0
2011/4/7,48.3,48.63,48,48.3,93361520,AAPL,1
2011/4/8,48.56,48.59,47.71,47.87,94383317,AAPL,1
2011/4/11,47.72,47.95,47.15,47.26,99787618,AAPL,0
2011/4/12,47.21,47.68,47.17,47.49,106627080,AAPL,0
2011/4/13,47.86,48.02,47.5,48.02,86608963,AAPL,1
2011/4/14,47.83,48,47.44,47.49,75497401,AAPL,1
2011/4/15,47.61,47.66,46.69,46.78,113458247,AAPL,0
2011/4/18,46.59,47.46,45.74,47.41,152474427,AAPL,0
2011/4/19,47.59,48.28,47.39,48.27,104844243,AAPL,0
2011/4/20,49.07,49.39,48.79,48.92,175163842,AAPL,0
2011/4/21,50.71,50.73,49.79,50.1,188449618,AAPL,0
2011/4/25,50.05,50.54,50.04,50.43,66636290,AAPL,1
2011/4/26,50.52,50.71,49.91,50.06,84400645,AAPL,1
2011/4/27,50.32,50.34,49.59,50.02,89052887,AAPL,1
2011/4/28,49.46,49.96,49.36,49.54,90297123,AAPL,0
2011/4/29,49.54,50.56,49.52,50.02,251585929,AAPL,1
2011/5/2,49.96,50.07,49.36,49.47,110678246,AAPL,0
2011/5/3,49.71,49.98,49.37,49.74,78390249,AAPL,0
2011/5/4,49.75,50.26,49.55,49.94,97312229,AAPL,1
2011/5/5,49.77,50.14,49.44,49.54,84065352,AAPL,1
2011/5/6,49.96,50,49.46,49.52,70061285,AAPL,0
2011/5/9,49.69,49.89,49.5,49.66,51188151,AAPL,0
2011/5/10,49.84,49.96,49.52,49.92,70521969,AAPL,1
2011/5/11,49.86,50,49.32,49.6,84018683,AAPL,1
2011/5/12,49.45,49.59,48.9,49.51,80239593,AAPL,1
2011/5/13,49.38,49.46,48.62,48.64,81547956,AAPL,1
2011/5/16,48.46,48.75,47.51,47.61,112535374,AAPL,0
2011/5/17,47.43,48.02,47.25,48.02,113196657,AAPL,0
2011/5/18,48.07,48.72,48,48.55,83693267,AAPL,0
2011/5/19,48.87,48.92,48.38,48.65,65291310,AAPL,1
2011/5/20,48.51,48.71,47.86,47.89,84547708,AAPL,1
2011/5/23,47.14,48,47.06,47.77,95627217,AAPL,1
2011/5/24,47.93,47.99,47.33,47.46,80520650,AAPL,0
2011/5/25,47.63,48.37,47.55,48.11,73555433,AAPL,1
2011/5/26,48,48.13,47.78,47.86,55673751,AAPL,0
2011/5/27,47.83,48.23,47.76,48.2,50912897,AAPL,0
2011/5/31,48.73,49.69,48.71,49.69,104434134,AAPL,1
2011/6/1,49.84,50.3,49.24,49.36,138670602,AAPL,0
2011/6/2,49.5,49.71,49.19,49.44,84721112,AAPL,1
2011/6/3,49.03,49.33,48.86,49.06,78360765,AAPL,1
2011/6/6,49.42,49.58,48.26,48.29,115484677,AAPL,1
2011/6/7,48.31,48.32,47.41,47.43,132493060,AAPL,0
2011/6/8,47.4,47.83,47.24,47.46,83471577,AAPL,1
2011/6/9,47.61,47.67,47.25,47.36,68841199,AAPL,1
2011/6/10,47.22,47.38,46.5,46.56,108529400,AAPL,0
2011/6/13,46.74,46.9,46.44,46.66,82414108,AAPL,0
2011/6/14,47.14,47.61,47.04,47.49,83641901,AAPL,1
2011/6/15,47.11,47.19,46.41,46.68,99851885,AAPL,1
2011/6/16,46.7,46.95,45.48,46.45,127647338,AAPL,1
2011/6/17,47,47.04,45.62,45.75,153872649,AAPL,1
2011/6/20,45.34,45.39,44.36,45.05,160161274,AAPL,0
2011/6/21,45.24,46.54,45.03,46.47,123343514,AAPL,1
2011/6/22,46.45,46.99,46.05,46.09,97645436,AAPL,0
2011/6/23,45.56,47.38,45.45,47.32,139939254,AAPL,1
2011/6/24,47.34,47.59,46.44,46.62,109981312,AAPL,0
2011/6/27,46.8,47.7,46.75,47.43,84989933,AAPL,0
2011/6/28,47.66,48.1,47.63,47.89,73574907,AAPL,1
2011/6/29,48.01,48.05,47.41,47.72,88179070,AAPL,0
2011/6/30,47.81,48.02,47.55,47.95,80807391,AAPL,0
2011/7/1,47.99,49.07,47.74,49.04,108828209,AAPL,0
2011/7/5,49,49.98,48.93,49.92,88818618,AAPL,0
2011/7/6,49.85,50.59,49.53,50.25,111156241,AAPL,0
2011/7/7,50.67,51.14,50.57,51.03,99915319,AAPL,0
2011/7/8,50.48,51.43,50.31,51.39,122481639,AAPL,1
2011/7/11,50.91,51.4,50.4,50.57,110713974,AAPL,1
2011/7/12,50.5,51.1,49.8,50.54,112901691,AAPL,0
2011/7/13,51.19,51.43,50.91,51.15,97909518,AAPL,1
2011/7/14,51.57,51.66,50.91,51.11,107633155,AAPL,0
2011/7/15,51.6,52.14,51.31,52.13,121116338,AAPL,0
2011/7/18,52.2,53.52,52.18,53.4,143157623,AAPL,0
2011/7/19,54,54.09,53.33,53.84,204786344,AAPL,0
2011/7/20,56.59,56.61,55.14,55.27,235331712,AAPL,0
2011/7/21,55.28,55.72,54.84,55.33,131629036,AAPL,0
2011/7/22,55.47,56.44,55.39,56.19,129181885,AAPL,0
2011/7/25,55.76,57.14,55.66,56.93,147451094,AAPL,0
2011/7/26,57.14,57.79,57.1,57.63,119145026,AAPL,1
2011/7/27,57.23,57.52,56.02,56.08,164830470,AAPL,1
2011/7/28,55.95,56.71,55.45,55.97,148506092,AAPL,1
2011/7/29,55.38,56.45,54.86,55.78,158145890,AAPL,0
2011/8/1,56.83,57.07,56.05,56.68,153207957,AAPL,1
2011/8/2,56.81,56.13,54.61,55.46,250968788,AAPL,0
2011/8/3,55.46,56.22,54.61,56.08,183125796,AAPL,1
2011/8/4,55.63,55.9,53.91,53.91,217851424,AAPL,1
2011/8/5,54.35,54.79,51.8,53.37,301140350,AAPL,1
2011/8/8,51.67,52.54,50.43,50.46,285951204,AAPL,0
2011/8/9,51.61,53.52,50.71,53.43,270645704,AAPL,1
2011/8/10,53.02,53.52,51.79,51.96,219662296,AAPL,0
2011/8/11,52.93,53.64,52.1,53.39,185491110,AAPL,0
2011/8/12,54,54.23,53.46,53.86,132243405,AAPL,0
2011/8/15,54.23,55,54.01,54.77,115135468,AAPL,1
2011/8/16,54.5,54.77,53.72,54.35,124722122,AAPL,0
2011/8/17,54.62,54.93,54,54.35,110514943,AAPL,1
2011/8/18,52.98,53.24,51.62,52.29,212858289,AAPL,1
2011/8/19,51.74,52.43,50.86,50.86,193970546,AAPL,0
2011/8/22,52.07,52.13,50.73,50.92,133826210,AAPL,0
2011/8/23,51.47,53.38,51,53.37,164208576,AAPL,0
2011/8/24,53.35,54.14,52.94,53.74,156566907,AAPL,1
2011/8/25,52.15,53.64,52.14,53.39,217825076,AAPL,0
2011/8/26,53.02,54.83,52.97,54.8,160368761,AAPL,0
2011/8/29,55.45,55.93,55.43,55.71,101313149,AAPL,0
2011/8/30,55.46,55.98,55.17,55.71,104480264,AAPL,1
2011/8/31,55.8,56.01,54.55,54.98,130688894,AAPL,1
2011/9/1,55.12,55.33,54.39,54.43,85930705,AAPL,1
2011/9/2,53.53,54,53.12,53.44,109791514,AAPL,0
2011/9/6,52.48,54.33,52.35,54.25,127424129,AAPL,0
2011/9/7,55.08,55.09,54.57,54.85,87643794,AAPL,0
2011/9/8,54.63,55.52,54.62,54.88,104039460,AAPL,1
2011/9/9,54.85,55.14,53.57,53.93,141269408,AAPL,0
2011/9/12,53.29,54.41,53.13,54.28,116957988,AAPL,0
2011/9/13,54.59,55.17,54.32,54.95,110184487,AAPL,0
2011/9/14,55.29,56.03,55.11,55.61,133680848,AAPL,0
2011/9/15,55.92,56.24,55.7,56.14,104454581,AAPL,0
2011/9/16,56.51,57.22,56.43,57.21,174622161,AAPL,0
2011/9/19,56.71,59.03,56.46,58.8,205964780,AAPL,0
2011/9/20,59.32,60.41,58.74,59.06,193937289,AAPL,1
2011/9/21,59.95,60.23,58.86,58.88,151493755,AAPL,1
2011/9/22,57.29,58.55,56.67,57.4,242120137,AAPL,0
2011/9/23,57.18,58.11,57.12,57.76,136620610,AAPL,1
2011/9/26,57.12,57.71,55.9,57.6,203218862,AAPL,1
2011/9/27,58.39,58.46,56.87,57.04,158124372,AAPL,1
2011/9/28,57.17,57.68,56.64,56.72,107463181,AAPL,1
2011/9/29,57.42,57.46,55.17,55.8,162841147,AAPL,1
2011/9/30,55.3,55.56,54.45,54.47,137059223,AAPL,1
2011/10/3,54.34,54.66,53.31,53.51,167269011,AAPL,1
2011/10/4,53.51,54.54,50.61,53.21,308418887,AAPL,0
2011/10/5,52.55,54.26,51.47,54.04,196617358,AAPL,1
2011/10/6,53.33,54.97,53.11,53.91,203145054,AAPL,1
2011/10/7,53.68,53.96,52.64,52.83,133904162,AAPL,0
2011/10/10,54.16,55.54,54.03,55.54,110628287,AAPL,0
2011/10/11,56.08,57.6,55.93,57.18,151420465,AAPL,0
2011/10/12,58.19,58.46,57.16,57.46,155570982,AAPL,0
2011/10/13,57.85,58.35,57.55,58.35,106545775,AAPL,0
2011/10/14,59.55,60.29,59.32,60.29,143341730,AAPL,1
2011/10/17,60.25,60.96,59.42,60,171510696,AAPL,0
2011/10/18,60.25,60.69,59.43,60.32,220400096,AAPL,1
2011/10/19,57.34,58.35,56.83,56.95,275998093,AAPL,1
2011/10/20,57.14,57.19,56.32,56.47,137382294,AAPL,1
2011/10/21,56.87,57.02,55.82,56.12,155310512,AAPL,0
2011/10/24,56.6,58.07,56.49,57.97,125589044,AAPL,1
2011/10/25,57.86,58.08,56.77,56.82,107650200,AAPL,0
2011/10/26,57.39,57.51,56.16,57.23,114074982,AAPL,0
2011/10/27,58.22,58.43,57.41,57.81,123713317,AAPL,0
2011/10/28,57.57,58.05,57.5,57.85,80709748,AAPL,1
2011/10/31,57.49,58.48,57.29,57.83,96406303,AAPL,1
2011/11/1,56.77,57.07,56.17,56.64,132946877,AAPL,0
2011/11/2,57.16,57.21,56.44,56.77,82063667,AAPL,0
2011/11/3,57.01,57.63,56.48,57.58,110381075,AAPL,1
2011/11/4,57.43,57.63,57.02,57.18,75556992,AAPL,1
2011/11/7,57.13,57.14,56.59,57.1,67565799,AAPL,0
2011/11/8,57.46,58.29,57.37,58.03,100109842,AAPL,1
2011/11/9,56.71,57.27,56.32,56.47,139670930,AAPL,1
2011/11/10,56.72,56.74,54.59,55.03,186245269,AAPL,1
2011/11/11,55.23,55.53,54.32,54.95,163446017,AAPL,1
2011/11/14,54.79,55.04,54.03,54.18,108265507,AAPL,0
2011/11/15,54.4,55.64,54.21,55.55,107744812,AAPL,1
2011/11/16,55.61,55.88,54.9,54.97,87302012,AAPL,1
2011/11/17,54.85,54.94,53.64,53.92,120030148,AAPL,1
2011/11/18,54.13,54.28,53.55,53.56,93018765,AAPL,1
2011/11/21,52.91,53.1,52.27,52.72,112050589,AAPL,0
2011/11/22,53,53.99,52.99,53.79,102324341,AAPL,1
2011/11/23,53.5,53.69,52.41,52.43,107160445,AAPL,1
2011/11/25,52.63,53.02,51.9,51.94,63689801,AAPL,0
2011/11/28,53.19,53.82,52.9,53.73,86660854,AAPL,1
2011/11/29,53.69,54.12,52.89,53.31,94007858,AAPL,0
2011/11/30,54.47,54.61,54.04,54.6,101516702,AAPL,0
2011/12/1,54.65,55.57,54.39,55.42,96794838,AAPL,0
2011/12/2,55.69,56.23,55.51,55.67,94818290,AAPL,0
2011/12/5,56.21,56.63,55.77,56.14,89342127,AAPL,1
2011/12/6,56.07,56.38,55.63,55.85,70951013,AAPL,1
2011/12/7,55.7,55.85,55.25,55.58,76249929,AAPL,0
2011/12/8,55.92,56.5,55.75,55.81,94089051,AAPL,0
2011/12/9,56.12,56.29,55.86,56.23,74285785,AAPL,1
2011/12/12,55.95,56.27,55.64,55.98,75266366,AAPL,1
2011/12/13,56.14,56.49,55.3,55.54,84784203,AAPL,1
2011/12/14,55.24,55.34,53.95,54.31,101788680,AAPL,1
2011/12/15,54.76,54.82,54.04,54.13,64112125,AAPL,0
2011/12/16,54.34,54.88,54.22,54.43,105394401,AAPL,0
2011/12/19,54.64,54.98,54.35,54.6,58881914,AAPL,0
2011/12/20,55.39,56.59,55.32,56.56,84350728,AAPL,0
2011/12/21,56.67,56.76,56,56.64,65736678,AAPL,0
2011/12/22,56.71,57.02,56.59,56.94,50589112,AAPL,0
2011/12/23,57.1,57.66,57.07,57.62,67401964,AAPL,0
2011/12/27,57.59,58.44,57.57,58.08,66308613,AAPL,1
2011/12/28,58.13,58.32,57.33,57.52,57214227,AAPL,0
2011/12/29,57.63,57.95,57.22,57.87,54039041,AAPL,1
2011/12/30,57.64,58.04,57.64,57.86,44943710,AAPL,0
2012/1/3,58.49,58.93,58.43,58.75,75564699,AAPL,0
2012/1/4,58.57,59.24,58.47,59.06,65061108,AAPL,0
2012/1/5,59.28,59.79,58.95,59.72,67816805,AAPL,0
2012/1/6,59.97,60.39,59.89,60.34,79596412,AAPL,1
2012/1/9,60.79,61.11,60.19,60.25,98505792,AAPL,0
2012/1/10,60.84,60.86,60.21,60.46,64581762,AAPL,1
2012/1/11,60.38,60.41,59.9,60.36,53798059,AAPL,1
2012/1/12,60.33,60.41,59.82,60.2,53180911,AAPL,1
2012/1/13,59.96,60.06,59.81,59.97,56539749,AAPL,0
2012/1/17,60.6,60.86,60.42,60.67,60724055,AAPL,0
2012/1/18,60.99,61.35,60.9,61.3,69197758,AAPL,1
2012/1/19,61.45,61.62,60.93,61.11,65434453,AAPL,1
2012/1/20,61.07,61.07,59.96,60.04,103492249,AAPL,0
2012/1/23,60.38,61.21,60.33,61.06,76515446,AAPL,1
2012/1/24,60.73,60.73,59.94,60.06,136909311,AAPL,0
2012/1/25,64.92,64.92,63.39,63.81,239565837,AAPL,1
2012/1/26,64.05,64.11,63.31,63.52,81057711,AAPL,0
2012/1/27,63.48,64.07,63.4,63.9,74971631,AAPL,0
2012/1/30,63.67,64.84,63.63,64.72,94832073,AAPL,0
2012/1/31,65.08,65.46,64.72,65.21,97977985,AAPL,1
2012/2/1,65.49,65.57,65.08,65.17,67510562,AAPL,1
2012/2/2,65.13,65.31,64.85,65.02,46698547,AAPL,0
2012/2/3,65.33,65.71,65.08,65.67,71717009,AAPL,0
2012/2/6,65.48,66.43,65.46,66.28,62420596,AAPL,0
2012/2/7,66.46,67.11,66.37,66.98,79055263,AAPL,0
2012/2/8,67.21,68.11,67.1,68.1,101969280,AAPL,0
2012/2/9,68.68,70.96,68.65,70.45,221053602,AAPL,0
2012/2/10,70.14,71.09,69.79,70.49,157824975,AAPL,0
2012/2/13,71.36,71.98,71.01,71.8,129301606,AAPL,0
2012/2/14,72.09,72.79,71.71,72.78,115483011,AAPL,1
2012/2/15,73.47,75.18,70.98,71.1,376528040,AAPL,0
2012/2/16,70.21,72.13,69.52,71.74,236137405,AAPL,1
2012/2/17,71.87,72.54,71.47,71.73,133947191,AAPL,0
2012/2/21,72.41,73.55,72.02,73.55,151396399,AAPL,1
2012/2/22,73.3,73.64,72.72,73.29,120823808,AAPL,0
2012/2/23,73.58,73.98,72.79,73.77,142006312,AAPL,0
2012/2/24,74.24,74.7,74.09,74.63,103819905,AAPL,0
2012/2/27,74.47,75.5,73.75,75.11,136895304,AAPL,0
2012/2/28,75.42,76.49,75.12,76.49,150096478,AAPL,0
2012/2/29,77.37,78.23,76.53,77.49,238000378,AAPL,0
2012/3/1,78.31,78.32,76.97,77.78,170813188,AAPL,0
2012/3/2,77.75,78.11,77.5,77.88,107927589,AAPL,1
2012/3/5,77.92,78.21,75.14,76.17,202280183,AAPL,1
2012/3/6,74.81,76.24,73.75,75.75,202559651,AAPL,0
2012/3/7,76.69,76.83,74.76,75.81,199629549,AAPL,0
2012/3/8,76.38,77.57,76.02,77.43,129110723,AAPL,0
2012/3/9,77.74,78.25,77.59,77.88,104724732,AAPL,0
2012/3/12,78.43,78.86,78.14,78.86,101820019,AAPL,0
2012/3/13,79.65,81.17,79.39,81.16,172712659,AAPL,0
2012/3/14,82.58,84.96,82.2,84.23,354709747,AAPL,1
2012/3/15,85.66,85.72,82.65,83.65,289917768,AAPL,0
2012/3/16,83.53,84.17,82.57,83.65,206371879,AAPL,0
2012/3/19,85.48,85.97,84.15,85.87,225308790,AAPL,0
2012/3/20,85.64,86.7,83.14,86.57,204167033,AAPL,1
2012/3/21,86.11,87.09,85.92,86.07,161010374,AAPL,1
2012/3/22,85.4,86.36,85.08,85.62,156032898,AAPL,1
2012/3/23,85.78,85.97,84.91,85.15,107621815,AAPL,0
2012/3/26,85.68,86.74,85.04,86.71,148934219,AAPL,0
2012/3/27,86.6,88.04,86.58,87.78,151782141,AAPL,0
2012/3/28,88.34,88.78,87.19,88.23,163864869,AAPL,1
2012/3/29,87.54,88.08,86.75,87.12,152059432,AAPL,1
2012/3/30,86.97,87.22,85.42,85.65,182759395,AAPL,0
2012/4/2,85.98,88.4,85.77,88.38,149586458,AAPL,0
2012/4/3,89.61,90.32,88.93,89.9,208638360,AAPL,1
2012/4/4,89.19,89.41,88.14,89.19,143245095,AAPL,0
2012/4/5,89.57,90.67,89.06,90.53,160318858,AAPL,0
2012/4/9,89.45,91.41,89.33,90.89,149384046,AAPL,1
2012/4/10,91.42,92,89.43,89.78,222422452,AAPL,1
2012/4/11,90.89,90.98,89.05,89.46,174152769,AAPL,1
2012/4/12,89.29,90.19,88.64,88.97,153582163,AAPL,1
2012/4/13,89.16,89.24,86.22,86.46,214911067,AAPL,1
2012/4/16,87.15,87.18,82.61,82.88,262696056,AAPL,0
2012/4/17,82.71,87.14,81.7,87.1,256371472,AAPL,1
2012/4/18,87.67,88.61,86.1,86.91,238632471,AAPL,1
2012/4/19,85.75,86.39,83.5,83.92,208678365,AAPL,1
2012/4/20,84.48,84.95,81.49,81.85,257743808,AAPL,1
2012/4/23,81.52,82.38,79.52,81.67,241629479,AAPL,1
2012/4/24,80.37,81.1,79.29,80.04,269099838,AAPL,0
2012/4/25,87.95,88.29,86.57,87.14,226427670,AAPL,1
2012/4/26,87.75,87.81,86.02,86.81,134016274,AAPL,1
2012/4/27,86.44,86.6,85.79,86.14,101692500,AAPL,1
2012/4/30,85.4,85.49,83.29,83.43,126535038,AAPL,1
2012/5/1,83.56,85.25,83.03,83.16,152749513,AAPL,0
2012/5/2,82.89,83.91,82.69,83.71,106906016,AAPL,1
2012/5/3,84.36,84.49,82.9,83.12,97637057,AAPL,1
2012/5/4,82.44,82.62,80.74,80.75,132497421,AAPL,0
2012/5/7,80.21,81.82,80.18,81.35,115073217,AAPL,1
2012/5/8,81.37,81.64,79.82,81.17,124312720,AAPL,0
2012/5/9,80.53,82,80.12,81.31,120175923,AAPL,0
2012/5/10,82.08,82.27,81.21,81.5,83317752,AAPL,1
2012/5/11,80.71,82.07,80.62,80.96,99886332,AAPL,1
2012/5/14,80.37,81.07,79.66,79.75,88156103,AAPL,1
2012/5/15,80.21,80.46,78.82,79.02,119076678,AAPL,1
2012/5/16,79.15,79.56,77.29,78.01,140223874,AAPL,1
2012/5/17,77.9,78.21,75.73,75.73,179304713,AAPL,0
2012/5/18,76.28,77.63,74.6,75.77,183072463,AAPL,0
2012/5/21,76.36,80.22,76.29,80.18,157772790,AAPL,1
2012/5/22,81.36,81.98,78.94,79.57,173696754,AAPL,0
2012/5/23,79.64,81.83,79.03,81.51,146224365,AAPL,1
2012/5/24,82.27,82.36,80.18,80.76,124049506,AAPL,1
2012/5/25,80.66,80.84,79.78,80.33,82116552,AAPL,0
2012/5/29,81.56,82,80.76,81.75,95126346,AAPL,0
2012/5/30,81.31,82.86,80.94,82.74,132355209,AAPL,1
2012/5/31,82.96,83.07,81.64,82.53,122977603,AAPL,1
2012/6/1,81.31,81.81,80.07,80.14,130245094,AAPL,0
2012/6/4,80.21,81.07,78.36,80.61,139247129,AAPL,1
2012/6/5,80.18,80.92,79.76,80.4,97053376,AAPL,0
2012/6/6,81.11,81.98,80.79,81.64,100362262,AAPL,0
2012/6/7,82.47,82.47,81.5,81.67,94993164,AAPL,0
2012/6/8,81.66,82.94,81.29,82.9,86872870,AAPL,1
2012/6/11,83.96,84.07,81.52,81.6,147815696,AAPL,0
2012/6/12,82.07,82.37,80.96,82.31,108894961,AAPL,1
2012/6/13,82.07,82.64,81.48,81.74,73443230,AAPL,1
2012/6/14,81.61,81.93,81.04,81.65,86460283,AAPL,0
2012/6/15,81.57,82.09,81.36,82.02,83813380,AAPL,0
2012/6/18,81.57,83.98,81.48,83.68,110102790,AAPL,0
2012/6/19,83.34,84.29,83.3,83.92,90350932,AAPL,1
2012/6/20,84.03,84.18,82.97,83.68,89789644,AAPL,1
2012/6/21,83.63,84.03,82.49,82.52,81626258,AAPL,0
2012/6/22,82.72,83.17,82.2,83.16,71186311,AAPL,1
2012/6/25,82.47,82.83,81.48,81.54,76088656,AAPL,0
2012/6/26,81.62,82.07,81.05,81.72,69187503,AAPL,0
2012/6/27,82.14,82.39,81.7,82.07,50764770,AAPL,1
2012/6/28,81.67,82,80.8,81.29,70760543,AAPL,0
2012/6/29,82.57,83.43,82.04,83.43,105360031,AAPL,0
2012/7/2,83.53,84.78,83.37,84.65,100022776,AAPL,0
2012/7/3,84.98,85.71,84.86,85.63,60428165,AAPL,0
2012/7/5,85.79,87.76,85.66,87.13,121095121,AAPL,1
2012/7/6,86.73,86.92,85.94,86.55,104757156,AAPL,0
2012/7/9,86.47,87.7,86.3,87.7,94850224,AAPL,1
2012/7/10,88.28,88.55,86.47,86.89,127989407,AAPL,1
2012/7/11,86.59,86.81,85.32,86.35,117329366,AAPL,1
2012/7/12,85.75,86.21,84.67,85.56,106997163,AAPL,0
2012/7/13,86.14,86.74,85.71,86.42,77904449,AAPL,0
2012/7/16,86.45,87.37,86.43,86.7,75326342,AAPL,0
2012/7/17,87.26,87.36,86.16,86.71,73453037,AAPL,1
2012/7/18,86.66,86.91,86.22,86.61,63174888,AAPL,0
2012/7/19,87.33,87.91,86.57,87.76,109214567,AAPL,1
2012/7/20,87.58,87.78,86.24,86.33,99367450,AAPL,1
2012/7/23,84.91,86.56,83.96,86.26,121993795,AAPL,1
2012/7/24,86.77,87.1,85.5,85.85,141283044,AAPL,1
2012/7/25,82.07,82.97,81.43,82.14,219314368,AAPL,1
2012/7/26,82.82,82.91,81.48,82.13,101702580,AAPL,0
2012/7/27,82.14,83.69,81.66,83.59,101013241,AAPL,0
2012/7/30,84.42,85.63,83.97,85,94784970,AAPL,0
2012/7/31,86.18,87.39,86.1,87.25,115581676,AAPL,1
2012/8/1,87.99,88.06,86.14,86.69,96124742,AAPL,0
2012/8/2,86.12,87.24,85.75,86.83,83062203,AAPL,0
2012/8/3,87.66,88.28,87.37,87.96,86228604,AAPL,0
2012/8/6,88.18,89.27,87.89,88.94,75580008,AAPL,1
2012/8/7,88.97,89.29,88.29,88.7,72627492,AAPL,1
2012/8/8,88.48,89.13,88.16,88.55,61176080,AAPL,0
2012/8/9,88.26,88.82,88.26,88.68,55452586,AAPL,0
2012/8/10,88.39,88.82,88.39,88.81,48765045,AAPL,0
2012/8/13,89.06,90,89.04,90,69707463,AAPL,0
2012/8/14,90.27,91.23,90.03,90.24,85041824,AAPL,1
2012/8/15,90.19,90.57,89.68,90.12,64377278,AAPL,0
2012/8/16,90.17,90.97,90.07,90.91,63694204,AAPL,0
2012/8/17,91.43,92.6,91.26,92.59,110689894,AAPL,0
2012/8/20,92.86,95.02,92.84,95.02,153345689,AAPL,1
2012/8/21,95.83,96.41,92.9,93.72,203176260,AAPL,0
2012/8/22,93.49,95.57,92.59,95.55,141330637,AAPL,1
2012/8/23,95.16,95.7,94.45,94.66,105029568,AAPL,0
2012/8/24,94.22,95.64,93.65,94.75,109334113,AAPL,0
2012/8/27,97.14,97.27,96.22,96.53,106728601,AAPL,1
2012/8/28,96.43,96.59,95.81,96.4,66844323,AAPL,1
2012/8/29,96.46,96.81,96.09,96.21,50701084,AAPL,1
2012/8/30,95.81,95.94,94.69,94.84,75672793,AAPL,0
2012/8/31,95.32,95.51,93.89,95.03,84579607,AAPL,0
2012/9/4,95.11,96.45,94.93,96.42,91972629,AAPL,1
2012/9/5,96.51,96.62,95.66,95.75,84090475,AAPL,0
2012/9/6,96.17,96.9,95.83,96.61,97845664,AAPL,0
2012/9/7,96.86,97.5,96.54,97.21,82416145,AAPL,1
2012/9/10,97.21,97.61,94.59,94.68,121998898,AAPL,1
2012/9/11,95.02,95.73,93.79,94.37,125984852,AAPL,0
2012/9/12,95.26,95.7,93.71,95.68,178054492,AAPL,0
2012/9/13,96.77,97.93,96.4,97.57,149589629,AAPL,0
2012/9/14,98.56,99.57,98.27,98.75,150118311,AAPL,0
2012/9/17,99.91,99.97,99.23,99.97,99507499,AAPL,0
2012/9/18,99.98,100.33,99.49,100.27,93375667,AAPL,0
2012/9/19,100.04,100.57,99.94,100.3,81715004,AAPL,1
2012/9/20,99.88,100.01,99.09,99.81,84141932,AAPL,0
2012/9/21,100.34,100.72,99.91,100.01,142897076,AAPL,1
2012/9/24,98.12,99.3,97.57,98.68,159936196,AAPL,1
2012/9/25,98.32,98.97,96.14,96.22,129690449,AAPL,1
2012/9/26,95.53,96.1,94.46,95.03,144175906,AAPL,0
2012/9/27,94.9,97.45,94.34,97.33,148522031,AAPL,1
2012/9/28,96.96,97.3,95.25,95.3,133777077,AAPL,1
2012/10/1,95.88,96.68,93.79,94.2,135895921,AAPL,0
2012/10/2,94.54,95.19,92.95,94.47,156997638,AAPL,0
2012/10/3,94.98,95.98,94.66,95.92,106069719,AAPL,1
2012/10/4,95.89,96.32,95.08,95.26,92688813,AAPL,1
2012/10/5,95.03,95.14,93.04,93.23,148501108,AAPL,1
2012/10/8,92.41,92.51,90.87,91.17,159494867,AAPL,1
2012/10/9,91.24,91.5,89.08,90.84,209648887,AAPL,0
2012/10/10,91.39,92.14,91,91.56,127588930,AAPL,1
2012/10/11,92.4,92.5,89.7,89.7,136520097,AAPL,0
2012/10/12,89.94,90.77,89.33,89.96,115003665,AAPL,0
2012/10/15,90.34,90.73,89.12,90.68,108124961,AAPL,0
2012/10/16,90.77,92.9,90.14,92.83,137442816,AAPL,1
2012/10/17,92.7,93.26,92,92.09,97327643,AAPL,1
2012/10/18,91.37,91.72,90,90.38,119155512,AAPL,1
2012/10/19,90.15,90.25,87.09,87.12,186021017,AAPL,0
2012/10/22,87.49,90.77,87.25,90.58,136682392,AAPL,1
2012/10/23,90.14,90.56,87.39,87.62,176786197,AAPL,0
2012/10/24,88.78,89.51,87.23,88.12,139631772,AAPL,1
2012/10/25,88.57,88.86,86.51,87.08,164081393,AAPL,1
2012/10/26,87.06,87.71,84.43,86.29,254605834,AAPL,1
2012/10/31,84.98,85.99,83.96,85.05,127500471,AAPL,0
2012/11/1,85.46,86.14,84.88,85.22,90361922,AAPL,1
2012/11/2,85.13,85.28,82.11,82.4,149843064,AAPL,0
2012/11/5,83.36,83.97,82.51,83.52,132321224,AAPL,1
2012/11/6,84.32,84.39,82.87,83.26,93729041,AAPL,1
2012/11/7,81.98,82.08,79.39,79.71,198412186,AAPL,1
2012/11/8,80.09,80.32,76.47,76.82,264036339,AAPL,0
2012/11/9,77.2,79.27,76.25,78.15,232476496,AAPL,1
2012/11/12,79.16,79.21,76.95,77.55,128950479,AAPL,0
2012/11/13,76.99,78.64,76.62,77.56,133302610,AAPL,1
2012/11/14,77.93,78.21,76.6,76.7,119291977,AAPL,1
2012/11/15,76.79,77.07,74.66,75.09,197477385,AAPL,0
2012/11/16,75.03,75.71,72.25,75.38,316722763,AAPL,0
2012/11/19,77.24,81.07,77.13,80.82,205792965,AAPL,1
2012/11/20,81.7,81.71,79.23,80.13,160687856,AAPL,0
2012/11/21,80.61,81.05,79.51,80.24,93306759,AAPL,0
2012/11/23,81.02,81.71,80.37,81.64,68206579,AAPL,0
2012/11/26,82.27,84.29,81.96,84.22,157644431,AAPL,1
2012/11/27,84.22,84.35,82.87,83.54,133328454,AAPL,1
2012/11/28,82.47,83.69,81.75,83.28,130264981,AAPL,0
2012/11/29,84.32,84.89,83.61,84.19,128674525,AAPL,1
2012/11/30,83.83,84.06,83.24,83.61,97824986,AAPL,0
2012/12/3,84.81,84.94,83.64,83.74,91069097,AAPL,1
2012/12/4,83.11,83.11,81.73,82.26,139482392,AAPL,1
2012/12/5,81.27,81.32,76.97,76.97,261159353,AAPL,0
2012/12/6,75.56,79.04,74.09,78.18,294301791,AAPL,1
2012/12/7,79.06,79.31,75.71,76.18,196941794,AAPL,1
2012/12/10,75,76.93,74.51,75.69,157620575,AAPL,0
2012/12/11,77.11,78.51,76.77,77.34,148085903,AAPL,1
2012/12/12,78.25,78.29,76.61,77,121783130,AAPL,1
2012/12/13,75.88,76.81,75.11,75.67,156314627,AAPL,1
2012/12/14,73.54,74.02,72.23,72.83,252394499,AAPL,0
2012/12/17,72.7,74.29,71.6,74.12,189736022,AAPL,0
2012/12/18,75,76.41,74.32,76.27,156417023,AAPL,1
2012/12/19,75.92,76.24,75.07,75.19,112340424,AAPL,1
2012/12/20,75.71,75.74,74.13,74.53,120421798,AAPL,1
2012/12/21,73.21,74.24,72.89,74.19,149129554,AAPL,0
2012/12/24,74.34,74.89,74.1,74.31,43936977,AAPL,1
2012/12/26,74.14,74.21,73.02,73.29,75609030,AAPL,0
2012/12/27,73.36,73.75,72.09,73.58,113779680,AAPL,1
2012/12/28,72.9,73.5,72.59,72.8,88569243,AAPL,0
2012/12/31,72.93,76.49,72.71,76.02,164872785,AAPL,0
2013/1/2,79.12,79.29,77.38,78.43,140124866,AAPL,1
2013/1/3,78.27,78.52,77.29,77.44,88240950,AAPL,1
2013/1/4,76.71,76.95,75.12,75.29,148581860,AAPL,1
2013/1/7,74.6,75.6,73.6,74.8,121038176,AAPL,0
2013/1/8,75.6,75.98,74.46,75.04,114676751,AAPL,1
2013/1/9,74.64,75,73.71,73.87,101899959,AAPL,0
2013/1/10,75.51,75.53,73.65,74.79,150285296,AAPL,1
2013/1/11,74.43,75.05,74.15,74.33,87688741,AAPL,1
2013/1/14,71.81,72.5,71.22,71.68,183544396,AAPL,1
2013/1/15,71.19,71.28,69.05,69.42,219192932,AAPL,0
2013/1/16,70.66,72.78,70.36,72.3,172700045,AAPL,1
2013/1/17,72.9,72.96,71.72,71.81,113412579,AAPL,1
2013/1/18,71.22,71.75,70.91,71.43,118287267,AAPL,0
2013/1/22,72.08,72.55,70.95,72.11,115386173,AAPL,0
2013/1/23,72.69,73.57,72.11,73.43,215375853,AAPL,1
2013/1/24,65.71,66.53,64.32,64.36,365212953,AAPL,1
2013/1/25,64.53,65.18,62.14,62.84,301993503,AAPL,0
2013/1/28,62.55,64.74,62.27,64.26,196378931,AAPL,0
2013/1/29,65.5,65.74,64.59,65.47,142768017,AAPL,1
2013/1/30,65.29,66.09,64.93,65.26,104288317,AAPL,1
2013/1/31,65.28,65.61,65,65.07,79833215,AAPL,1
2013/2/1,65.59,65.64,64.05,64.8,134867089,AAPL,1
2013/2/4,64.84,65.13,63.14,63.19,119278754,AAPL,0
2013/2/5,63.44,65.68,63.17,65.41,143336536,AAPL,1
2013/2/6,65.21,66.64,64.65,65.34,148426012,AAPL,0
2013/2/7,66.18,67.14,64.87,66.89,176145074,AAPL,0
2013/2/8,67.71,68.4,66.89,67.85,158288984,AAPL,0
2013/2/11,68.07,69.28,67.61,68.56,129358516,AAPL,1
2013/2/12,68.5,68.91,66.82,66.84,152262712,AAPL,1
2013/2/13,66.74,67.66,66.17,66.72,118801221,AAPL,1
2013/2/14,66.36,67.38,66.29,66.66,88876501,AAPL,1
2013/2/15,66.98,67.17,65.7,65.74,97981177,AAPL,1
2013/2/19,65.87,66.1,64.84,65.71,108944213,AAPL,1
2013/2/20,65.38,65.38,64.11,64.12,119074886,AAPL,1
2013/2/21,63.71,64.17,63.26,63.72,111795180,AAPL,0
2013/2/22,64.18,64.51,63.8,64.4,82663644,AAPL,1
2013/2/25,64.84,65.02,63.22,63.26,93144464,AAPL,0
2013/2/26,63.4,64.51,62.52,64.14,125374074,AAPL,1
2013/2/27,64.06,64.63,62.95,63.51,146836928,AAPL,1
2013/2/28,63.44,63.98,63.06,63.06,80628737,AAPL,1
2013/3/1,62.57,62.6,61.43,61.5,138111792,AAPL,1
2013/3/4,61.11,61.17,59.86,60.01,145684399,AAPL,0
2013/3/5,60.21,62.17,60.11,61.59,159607042,AAPL,1
2013/3/6,62.07,62.18,60.63,60.81,115062269,AAPL,0
2013/3/7,60.64,61.72,60.15,61.51,117117826,AAPL,0
2013/3/8,61.4,62.2,61.23,61.67,97898983,AAPL,0
2013/3/11,61.39,62.72,60.73,62.55,118558356,AAPL,1
2013/3/12,62.23,62.7,61.08,61.2,116477473,AAPL,1
2013/3/13,61.21,62.07,60.77,61.19,101454192,AAPL,0
2013/3/14,61.83,62.09,61.49,61.79,75968746,AAPL,0
2013/3/15,62.56,63.46,62.46,63.38,160989787,AAPL,0
2013/3/18,63.06,65.35,63.03,65.1,151549090,AAPL,1
2013/3/19,65.64,65.85,64.07,64.93,131693310,AAPL,1
2013/3/20,65.35,65.38,64.23,64.58,77165158,AAPL,0
2013/3/21,64.32,65.43,64.3,64.68,95813410,AAPL,0
2013/3/22,64.94,66.01,64.73,65.99,98776111,AAPL,0
2013/3/25,66.38,67.14,65.97,66.23,125283438,AAPL,1
2013/3/26,66.49,66.55,65.79,65.88,73573423,AAPL,1
2013/3/27,65.21,65.26,64.39,64.58,82852294,AAPL,1
2013/3/28,64.26,64.55,63.09,63.24,110745586,AAPL,1
2013/4/1,63.13,63.38,61.11,61.27,97432489,AAPL,0
2013/4/2,61.09,62.59,60.91,61.4,132443234,AAPL,0
2013/4/3,61.62,62.47,61.47,61.71,90803727,AAPL,1
2013/4/4,61.97,62.14,60.75,61.1,89664638,AAPL,1
2013/4/5,60.64,60.71,59.95,60.46,95923478,AAPL,0
2013/4/8,60.69,61.07,60.36,60.89,75264742,AAPL,0
2013/4/9,60.91,61.21,60.39,61,76688115,AAPL,0
2013/4/10,61.16,62.44,60.86,62.24,93981748,AAPL,1
2013/4/11,61.96,62.57,61.6,62.05,82154093,AAPL,1
2013/4/12,62.02,62.02,61.3,61.4,59681279,AAPL,1
2013/4/15,61,61.13,59.94,59.98,79379706,AAPL,0
2013/4/16,60.22,60.94,60.08,60.89,76442758,AAPL,1
2013/4/17,60.04,60.09,56.87,57.54,236263461,AAPL,1
2013/4/18,57.86,57.97,55.68,56.01,166574163,AAPL,1
2013/4/19,55.42,57.09,55.01,55.79,152318201,AAPL,0
2013/4/22,56.09,57.46,55.9,56.95,107479442,AAPL,0
2013/4/23,57.71,58.34,56.97,58.02,166058949,AAPL,1
2013/4/24,56.22,59.32,56.07,57.92,242458391,AAPL,0
2013/4/25,58.75,59.13,58.14,58.34,96209155,AAPL,0
2013/4/26,58.54,59.82,58.32,59.6,191068990,AAPL,0
2013/4/29,60.06,61.94,60,61.45,160081110,AAPL,0
2013/4/30,62.16,63.61,61.72,63.25,172884362,AAPL,1
2013/5/1,63.49,63.56,62.06,62.76,126788697,AAPL,0
2013/5/2,63.11,64.08,62.95,63.65,105506184,AAPL,0
2013/5/3,64.47,64.75,64.16,64.28,90381788,AAPL,0
2013/5/6,65.1,66.03,64.9,65.82,124160162,AAPL,1
2013/5/7,66.42,66.54,64.81,65.52,120938076,AAPL,0
2013/5/8,65.58,66.48,65.12,66.26,118149038,AAPL,1
2013/5/9,65.69,66.14,65.08,65.25,99687476,AAPL,1
2013/5/10,65.42,65.67,64.35,64.71,83712482,AAPL,0
2013/5/13,64.5,65.41,64.5,64.96,79277310,AAPL,1
2013/5/14,64.84,65.03,63.16,63.41,111778940,AAPL,1
2013/5/15,62.74,63,60.34,61.26,185403085,AAPL,0
2013/5/16,60.46,62.55,59.84,62.08,150866478,AAPL,1
2013/5/17,62.72,62.87,61.57,61.89,107019829,AAPL,0
2013/5/20,61.7,63.69,61.44,63.28,112893984,AAPL,1
2013/5/21,62.59,63.64,62.03,62.81,114074240,AAPL,0
2013/5/22,63.44,64.05,62.6,63.05,110814858,AAPL,0
2013/5/23,62.28,63.74,62.26,63.16,88345236,AAPL,0
2013/5/24,62.98,63.67,62.91,63.59,69106639,AAPL,1
2013/5/28,64.27,64.44,62.98,63.06,96536188,AAPL,0
2013/5/29,62.86,63.93,62.77,63.56,82695669,AAPL,0
2013/5/30,63.66,64.93,63.5,64.51,88428648,AAPL,1
2013/5/31,64.64,65.3,64.21,64.25,96075042,AAPL,0
2013/6/3,63.97,64.62,63.21,64.39,93087841,AAPL,1
2013/6/4,64.75,64.92,63.91,64.19,73181521,AAPL,1
2013/6/5,63.66,64.39,63.39,63.59,72647337,AAPL,1
2013/6/6,63.64,63.86,62.01,62.64,104268458,AAPL,0
2013/6/7,62.36,63.32,61.82,63.12,101185686,AAPL,1
2013/6/10,63.53,64.15,62.4,62.7,112589043,AAPL,1
2013/6/11,62.25,63.25,61.9,62.51,71426348,AAPL,1
2013/6/12,62.79,63.04,61.64,61.74,66356668,AAPL,0
2013/6/13,61.79,62.45,61.25,62.28,71528086,AAPL,1
2013/6/14,62.2,62.33,61.21,61.44,65672880,AAPL,0
2013/6/17,61.63,62.24,61.48,61.71,64860453,AAPL,1
2013/6/18,61.65,62.13,61.46,61.68,48790448,AAPL,1
2013/6/19,61.63,61.67,60.43,60.43,77757785,AAPL,1
2013/6/20,59.9,60.85,59.31,59.55,89374558,AAPL,1
2013/6/21,59.78,60,58.3,59.07,120297338,AAPL,1
2013/6/24,58.2,58.38,56.86,57.51,120186430,AAPL,0
2013/6/25,57.96,58.26,56.98,57.52,78584786,AAPL,1
2013/6/26,57.7,57.83,56.52,56.87,91986573,AAPL,1
2013/6/27,57.04,57.34,56.22,56.25,84350049,AAPL,0
2013/6/28,55.91,57.18,55.55,56.65,144659417,AAPL,0
2013/7/1,57.53,58.9,57.32,58.46,97793045,AAPL,0
2013/7/2,58.57,60.23,58.5,59.78,117521579,AAPL,0
2013/7/3,60.12,60.43,59.64,60.11,60232158,AAPL,1
2013/7/5,60.06,60.47,59.34,59.63,68520760,AAPL,1
2013/7/8,60.02,60.14,58.66,59.29,74578420,AAPL,0
2013/7/9,59.09,60.5,58.63,60.34,88172238,AAPL,1
2013/7/10,59.94,60.69,59.75,60.1,70350819,AAPL,0
2013/7/11,60.42,61.18,60.17,61.04,81618964,AAPL,1
2013/7/12,61.09,61.4,60.49,60.93,69910463,AAPL,0
2013/7/15,60.72,61.64,60.69,61.06,60543105,AAPL,0
2013/7/16,60.93,61.53,60.6,61.46,54134367,AAPL,0
2013/7/17,61.39,61.75,61.17,61.47,49764064,AAPL,0
2013/7/18,61.91,62.12,61.52,61.68,54760818,AAPL,1
2013/7/19,61.87,62,60.62,60.71,67194715,AAPL,0
2013/7/22,61.35,61.39,60.78,60.9,51997596,AAPL,1
2013/7/23,60.86,60.99,59.82,59.86,92348403,AAPL,0
2013/7/24,62.7,63.51,62.18,62.93,148013824,AAPL,1
2013/7/25,62.96,63.06,62.26,62.64,57420636,AAPL,0
2013/7/26,62.19,63.01,62.05,63,50068753,AAPL,0
2013/7/29,62.97,64.28,62.89,63.97,62110300,AAPL,0
2013/7/30,64.28,65.31,64.18,64.76,77355565,AAPL,1
2013/7/31,65,65.33,64.2,64.65,80739351,AAPL,0
2013/8/1,65.11,65.26,64.75,65.24,51562322,AAPL,0
2013/8/2,65.43,66.12,65.24,66.08,68695326,AAPL,0
2013/8/5,66.38,67.24,66.02,67.06,79713592,AAPL,1
2013/8/6,66.86,67.41,66.02,66.46,83728540,AAPL,1
2013/8/7,66.26,66.71,65.97,66.43,74713968,AAPL,1
2013/8/8,66.26,66.3,65.42,65.86,63999838,AAPL,1
2013/8/9,65.52,65.78,64.81,64.92,66905209,AAPL,0
2013/8/12,65.27,66.95,65.23,66.77,91108290,AAPL,0
2013/8/13,67.28,70.67,66.86,69.94,220484936,AAPL,0
2013/8/14,71.13,72.04,70.49,71.21,189092911,AAPL,1
2013/8/15,70.92,71.77,69.87,71.13,122573507,AAPL,0
2013/8/16,71.45,71.85,71.27,71.76,90575856,AAPL,0
2013/8/19,72.05,73.39,72,72.53,127629481,AAPL,1
2013/8/20,72.82,72.94,71.55,71.58,89671743,AAPL,0
2013/8/21,71.94,72.45,71.6,71.77,83969305,AAPL,0
2013/8/22,72.14,72.23,71.17,71.85,61051676,AAPL,1
2013/8/23,71.9,71.91,71.34,71.57,55682221,AAPL,0
2013/8/26,71.54,72.89,71.5,71.85,82741050,AAPL,1
2013/8/27,71.14,71.79,69.47,69.8,106047109,AAPL,0
2013/8/28,69.43,70.83,69.43,70.13,76901678,AAPL,0
2013/8/29,70.24,70.93,70.16,70.24,59913714,AAPL,1
2013/8/30,70.29,70.42,69.5,69.6,68100788,AAPL,0
2013/9/3,70.44,71.51,69.62,69.8,83025166,AAPL,0
2013/9/4,71.37,71.75,70.9,71.24,86257878,AAPL,1
2013/9/5,71.46,71.53,70.52,70.75,59091879,AAPL,0
2013/9/6,71.21,71.34,69.99,71.17,89881253,AAPL,0
2013/9/9,72.14,72.56,71.93,72.31,85171583,AAPL,1
2013/9/10,72.31,72.49,69.93,70.66,185798872,AAPL,1
2013/9/11,66.72,67.67,66.4,66.82,223526688,AAPL,0
2013/9/12,66.93,67.91,66.57,67.53,101012471,AAPL,1
2013/9/13,67.05,67.4,66.39,66.41,74708438,AAPL,1
2013/9/16,65.86,65.94,63.89,64.3,137137665,AAPL,0
2013/9/17,63.99,65.67,63.93,65.05,99844773,AAPL,0
2013/9/18,66.17,66.62,65.81,66.38,114215304,AAPL,0
2013/9/19,67.24,67.98,67.04,67.47,101134712,AAPL,1
2013/9/20,68.29,68.36,66.57,66.77,174825322,AAPL,0
2013/9/23,70.87,70.99,68.94,70.09,190526525,AAPL,1
2013/9/24,70.7,70.78,69.69,69.87,91085743,AAPL,1
2013/9/25,69.89,69.95,68.78,68.79,79239167,AAPL,0
2013/9/26,69.43,69.79,69.13,69.46,59305183,AAPL,1
2013/9/27,69.11,69.24,68.67,68.96,57009729,AAPL,1
2013/9/30,68.18,68.81,67.77,68.11,65039408,AAPL,0
2013/10/1,68.35,69.88,68.34,69.71,88470655,AAPL,0
2013/10/2,69.38,70.26,69.11,69.94,72295902,AAPL,1
2013/10/3,70.07,70.34,68.68,69.06,80688503,AAPL,1
2013/10/4,69.12,69.23,68.37,69,64717380,AAPL,0
2013/10/7,69.51,70.38,69.34,69.68,78073107,AAPL,1
2013/10/8,69.99,70.09,68.65,68.71,72729006,AAPL,0
2013/10/9,69.23,69.68,68.33,69.51,75431216,AAPL,0
2013/10/10,70.19,70.34,69.58,69.95,69650490,AAPL,0
2013/10/11,69.57,70.55,69.31,70.4,66934938,AAPL,0
2013/10/14,69.98,71.08,69.91,70.86,65474542,AAPL,0
2013/10/15,71.07,71.71,70.79,71.24,80018603,AAPL,0
2013/10/16,71.54,71.79,71.32,71.59,62775013,AAPL,0
2013/10/17,71.43,72.11,71.38,72.07,63398335,AAPL,0
2013/10/18,72.28,72.75,72.24,72.7,72635570,AAPL,0
2013/10/21,73.11,74.9,73.07,74.48,99526945,AAPL,1
2013/10/22,75.2,75.49,72.58,74.27,133515753,AAPL,0
2013/10/23,74.14,75.1,74.14,74.99,78431122,AAPL,0
2013/10/24,75,76.07,74.64,75.99,96191095,AAPL,1
2013/10/25,75.9,76.18,75.02,75.14,84448133,AAPL,0
2013/10/28,75.58,75.86,74.74,75.7,137610123,AAPL,1
2013/10/29,76.61,77.04,73.51,73.81,158952115,AAPL,0
2013/10/30,74.23,75.36,73.86,74.98,88540697,AAPL,1
2013/10/31,75,75.36,74.47,74.67,68923785,AAPL,1
2013/11/1,74.86,74.97,73.69,74.29,68722304,AAPL,0
2013/11/4,74.44,75.26,74.12,75.25,61157033,AAPL,1
2013/11/5,74.94,75.56,74.71,75.06,66368071,AAPL,1
2013/11/6,74.88,74.98,74.03,74.42,55844152,AAPL,1
2013/11/7,74.23,74.74,73.2,73.21,65655100,AAPL,0
2013/11/8,73.51,74.45,73.23,74.37,69829543,AAPL,1
2013/11/11,74.28,74.52,73.49,74.15,56863303,AAPL,0
2013/11/12,73.95,74.85,73.86,74.29,51114651,AAPL,0
2013/11/13,74,74.61,73.85,74.38,49304927,AAPL,0
2013/11/14,74.69,75.61,74.55,75.45,70605087,AAPL,1
2013/11/15,75.23,75.58,74.93,75,79479764,AAPL,1
2013/11/18,75,75.31,74.03,74.09,61236224,AAPL,0
2013/11/19,74.15,74.77,74,74.22,52234707,AAPL,1
2013/11/20,74.18,74.35,73.48,73.57,48545798,AAPL,0
2013/11/21,73.94,74.46,73.38,74.45,65506861,AAPL,1
2013/11/22,74.22,74.59,74.08,74.26,55931232,AAPL,0
2013/11/25,74.43,75.12,74.43,74.82,57348403,AAPL,0
2013/11/26,74.87,76.59,74.86,76.2,100345728,AAPL,0
2013/11/27,76.62,78,76.2,77.99,90861841,AAPL,0
2013/11/29,78.5,79.76,78.26,79.44,79532215,AAPL,1
2013/12/2,79.71,80.62,78.69,78.75,118135885,AAPL,0
2013/12/3,79.76,80.91,79.67,80.9,112741734,AAPL,1
2013/12/4,80.79,81.31,80.12,80.71,94452666,AAPL,0
2013/12/5,81.81,82.16,80.92,81.13,111895315,AAPL,1
2013/12/6,80.83,80.96,79.94,80,86088352,AAPL,0
2013/12/9,80.14,81.37,80.13,80.92,80123533,AAPL,1
2013/12/10,80.52,81.13,80.17,80.79,69567610,AAPL,1
2013/12/11,81.01,81.57,79.96,80.19,89929693,AAPL,1
2013/12/12,80.38,80.76,80,80.08,65572318,AAPL,1
2013/12/13,80.34,80.41,79.1,79.2,83205283,AAPL,0
2013/12/16,79.37,80.38,79.29,79.64,70648452,AAPL,1
2013/12/17,79.39,79.92,79.05,79.28,57475649,AAPL,1
2013/12/18,78.21,78.78,76.97,78.68,141465807,AAPL,1
2013/12/19,78.38,78.57,77.68,77.78,80239369,AAPL,0
2013/12/20,77.91,78.8,77.83,78.43,109103435,AAPL,0
2013/12/23,81.14,81.53,80.39,81.44,125326831,AAPL,1
2013/12/24,81.41,81.7,80.86,81.1,41888735,AAPL,1
2013/12/26,81.16,81.36,80.48,80.56,51002035,AAPL,1
2013/12/27,80.55,80.63,79.93,80.01,56471317,AAPL,1
2013/12/30,79.64,80.01,78.9,79.22,63407722,AAPL,0
2013/12/31,79.17,80.18,79.14,80.15,55819372,AAPL,1
2014/1/2,79.38,79.58,78.86,79.02,58791957,AAPL,1
2014/1/3,78.98,79.1,77.2,77.28,98303870,AAPL,0
2014/1/6,76.78,78.11,76.23,77.7,103359151,AAPL,1
2014/1/7,77.76,77.99,76.85,77.15,79432766,AAPL,0
2014/1/8,76.97,77.94,76.96,77.64,64686685,AAPL,1
2014/1/9,78.11,78.12,76.48,76.65,69905199,AAPL,1
2014/1/10,77.12,77.26,75.87,76.13,76320664,AAPL,0
2014/1/13,75.7,77.5,75.7,76.53,94860843,AAPL,0
2014/1/14,76.89,78.1,76.81,78.06,83734371,AAPL,0
2014/1/15,79.07,80.03,78.81,79.62,98472619,AAPL,1
2014/1/16,79.27,79.55,78.81,79.18,57471330,AAPL,1
2014/1/17,78.78,78.87,77.13,77.24,108426689,AAPL,0
2014/1/21,77.28,78.58,77.2,78.44,82255544,AAPL,0
2014/1/22,78.7,79.61,78.26,78.79,95219334,AAPL,0
2014/1/23,78.56,79.5,77.83,79.45,100978346,AAPL,1
2014/1/24,79.14,79.37,77.82,78.01,108384437,AAPL,0
2014/1/27,78.58,79.26,77.96,78.64,144219152,AAPL,1
2014/1/28,72.68,73.57,71.72,72.36,266833581,AAPL,1
2014/1/29,71.99,72.48,71.23,71.54,125942796,AAPL,1
2014/1/30,71.79,72.36,70.96,71.4,169762789,AAPL,0
2014/1/31,70.74,71.65,70.51,71.51,116336444,AAPL,0
2014/2/3,71.8,72.53,71.33,71.65,100620772,AAPL,0
2014/2/4,72.26,72.78,71.82,72.68,94273543,AAPL,0
2014/2/5,72.37,73.61,72.32,73.23,82322156,AAPL,1
2014/2/6,72.87,73.36,72.54,73.22,64497223,AAPL,0
2014/2/7,74.48,74.7,73.91,74.24,93638601,AAPL,0
2014/2/10,74.09,76,74,75.57,86451022,AAPL,0
2014/2/11,75.8,76.82,75.64,76.57,70672252,AAPL,1
2014/2/12,76.71,77.08,76.18,76.56,77127064,AAPL,0
2014/2/13,76.38,77.84,76.31,77.78,76960156,AAPL,1
2014/2/14,77.5,78,77.32,77.71,68468036,AAPL,0
2014/2/18,78,78.74,77.94,78,65306248,AAPL,1
2014/2/19,77.82,78.13,76.34,76.77,78554420,AAPL,1
2014/2/20,76.14,76.71,75.57,75.88,76529103,AAPL,1
2014/2/21,76.11,76.37,74.94,75.04,69757247,AAPL,0
2014/2/24,74.74,75.7,74.63,75.36,72364950,AAPL,1
2014/2/25,75.63,75.65,74.43,74.58,58247350,AAPL,1
2014/2/26,74.8,75,73.66,73.91,69131286,AAPL,0
2014/2/27,73.88,75.54,73.72,75.38,75557321,AAPL,1
2014/2/28,75.58,76.11,74.59,75.18,93074653,AAPL,0
2014/3/3,74.77,75.81,74.69,75.39,59784494,AAPL,0
2014/3/4,75.86,76.09,75.4,75.89,64884834,AAPL,0
2014/3/5,75.85,76.39,75.59,76.05,50065519,AAPL,1
2014/3/6,76.11,76.35,75.44,75.82,46423111,AAPL,1
2014/3/7,75.87,76,75.15,75.78,55415241,AAPL,0
2014/3/10,75.48,76.19,75.48,75.85,44691430,AAPL,0
2014/3/11,76.49,76.96,76.08,76.58,70198849,AAPL,0
2014/3/12,76.36,76.76,76,76.66,50195460,AAPL,1
2014/3/13,76.78,77.09,75.59,75.81,64435609,AAPL,1
2014/3/14,75.54,75.84,74.71,74.96,59299492,AAPL,0
2014/3/17,75.39,75.71,75.12,75.25,49886074,AAPL,0
2014/3/18,75.13,76,75.03,75.91,52411863,AAPL,1
2014/3/19,76.04,76.61,75.57,75.89,56188958,AAPL,1
2014/3/20,75.7,76.1,75.34,75.53,52099537,AAPL,0
2014/3/21,75.99,76.25,75.19,76.12,93612169,AAPL,0
2014/3/24,76.92,77.21,76.44,77.03,88924871,AAPL,0
2014/3/25,77.36,77.96,77.08,77.86,70573356,AAPL,1
2014/3/26,78.07,78.43,76.98,77.11,74942224,AAPL,1
2014/3/27,77.14,77.36,76.45,76.78,55507676,AAPL,1
2014/3/28,76.9,76.99,76.32,76.69,50141063,AAPL,1
2014/3/31,77.03,77.26,76.56,76.68,42167188,AAPL,0
2014/4/1,76.82,77.41,76.68,77.38,50189685,AAPL,0
2014/4/2,77.48,77.64,77.18,77.51,45104871,AAPL,1
2014/4/3,77.34,77.5,76.81,76.97,40648111,AAPL,1
2014/4/4,77.12,77.14,75.8,75.97,68812485,AAPL,1
2014/4/7,75.43,75.84,74.56,74.78,72462530,AAPL,0
2014/4/8,75.03,75.16,74.1,74.78,60971883,AAPL,0
2014/4/9,74.66,75.78,74.57,75.76,51542722,AAPL,1
2014/4/10,75.81,76.03,74.74,74.78,59912818,AAPL,1
2014/4/11,74.14,74.69,73.88,74.23,67975012,AAPL,0
2014/4/14,74.56,74.59,73.89,74.53,51445177,AAPL,1
2014/4/15,74.32,74.52,73.05,73.99,66622577,AAPL,0
2014/4/16,74.01,74.44,73.45,74.14,53732994,AAPL,0
2014/4/17,74.29,75.39,74.17,74.99,71106721,AAPL,0
2014/4/21,75.05,76.02,74.85,75.88,45668931,AAPL,0
2014/4/22,75.47,75.98,75.21,75.96,50664453,AAPL,1
2014/4/23,75.58,75.88,74.92,74.96,98735259,AAPL,0
2014/4/24,81.17,81.43,80.1,81.11,189978082,AAPL,0
2014/4/25,80.65,81.71,80.57,81.71,97568814,AAPL,0
2014/4/28,81.83,85.11,81.79,84.87,167371680,AAPL,1
2014/4/29,84.82,85.14,84.22,84.62,84344673,AAPL,1
2014/4/30,84.66,85.63,84.26,84.3,114220883,AAPL,0
2014/5/1,84.57,84.97,83.77,84.5,61052418,AAPL,0
2014/5/2,84.62,84.89,84.24,84.65,47878572,AAPL,0
2014/5/5,84.31,85.86,84.29,85.85,71766758,AAPL,1
2014/5/6,85.97,86.34,84.92,84.92,93641373,AAPL,1
2014/5/7,85.04,85.33,83.96,84.62,70715988,AAPL,1
2014/5/8,84.04,84.92,83.77,84,57574363,AAPL,1
2014/5/9,83.51,83.75,82.9,83.65,72899498,AAPL,0
2014/5/12,83.93,84.81,83.91,84.69,53324677,AAPL,0
2014/5/13,84.57,84.93,84.39,84.82,39934594,AAPL,0
2014/5/14,84.63,85.34,84.53,84.84,41600846,AAPL,1
2014/5/15,84.96,85.23,84.01,84.12,57711731,AAPL,0
2014/5/16,84.09,85.36,83.63,85.36,69091834,AAPL,0
2014/5/19,85.41,86.76,85.33,86.37,79439024,AAPL,0
2014/5/20,86.36,86.63,85.82,86.39,58708986,AAPL,0
2014/5/21,86.26,86.67,86.01,86.62,49249914,AAPL,0
2014/5/22,86.66,87.12,86.3,86.75,50218945,AAPL,0
2014/5/23,86.75,87.82,86.64,87.73,58052491,AAPL,0
2014/5/27,87.98,89.41,87.95,89.38,87216605,AAPL,1
2014/5/28,89.43,89.98,89.11,89.14,78921885,AAPL,0
2014/5/29,89.69,90.98,89.68,90.77,94118633,AAPL,1
2014/5/30,91.14,92.02,89.84,90.43,141005137,AAPL,1
2014/6/2,90.57,90.69,88.93,89.81,92337903,AAPL,0
2014/6/3,89.78,91.25,89.75,91.08,73231620,AAPL,0
2014/6/4,91.06,92.56,90.87,92.12,83870521,AAPL,0
2014/6/5,92.31,92.77,91.8,92.48,75951141,AAPL,1
2014/6/6,92.84,93.04,92.07,92.22,87620911,AAPL,0
2014/6/9,92.7,93.88,91.75,93.7,75414804,AAPL,0
2014/6/10,94.73,95.05,93.57,94.25,62777042,AAPL,1
2014/6/11,94.13,94.76,93.47,93.86,45681114,AAPL,1
2014/6/12,94.04,94.12,91.9,92.29,54748791,AAPL,1
2014/6/13,92.2,92.44,90.88,91.28,54525280,AAPL,0
2014/6/16,91.51,92.75,91.45,92.2,35561270,AAPL,1
2014/6/17,92.31,92.7,91.8,92.08,29726347,AAPL,0
2014/6/18,92.27,92.29,91.35,92.18,33514108,AAPL,1
2014/6/19,92.29,92.3,91.34,91.86,35527686,AAPL,1
2014/6/20,91.85,92.55,90.9,90.91,100898066,AAPL,1
2014/6/23,91.32,91.62,90.6,90.83,43694391,AAPL,1
2014/6/24,90.75,91.74,90.19,90.28,39036087,AAPL,0
2014/6/25,90.21,90.7,89.65,90.36,36868541,AAPL,0
2014/6/26,90.37,91.05,89.8,90.9,32629359,AAPL,0
2014/6/27,90.82,92,90.77,91.98,64028803,AAPL,0
2014/6/30,92.1,93.72,92.09,92.93,49589028,AAPL,0
2014/7/1,93.52,94.07,93.13,93.52,38223477,AAPL,1
2014/7/2,93.86,94.06,93.09,93.48,28465073,AAPL,0
2014/7/3,93.67,94.1,93.2,94.03,22891753,AAPL,0
2014/7/7,94.14,95.99,94.1,95.97,56467939,AAPL,1
2014/7/8,96.27,96.8,93.92,95.35,65221678,AAPL,0
2014/7/9,95.44,95.95,94.76,95.39,36436440,AAPL,1
2014/7/10,93.76,95.55,93.52,95.04,39685552,AAPL,0
2014/7/11,95.36,95.89,94.86,95.22,34018228,AAPL,0
2014/7/14,95.86,96.89,95.65,96.45,42810155,AAPL,1
2014/7/15,96.8,96.85,95.03,95.32,45696176,AAPL,1
2014/7/16,96.97,97.1,94.74,94.78,53502415,AAPL,1
2014/7/17,95.03,95.28,92.57,93.09,57298243,AAPL,0
2014/7/18,93.62,94.74,93.02,94.43,49987593,AAPL,1
2014/7/21,94.99,95,93.72,93.94,39079002,AAPL,0
2014/7/22,94.68,94.89,94.12,94.72,55196597,AAPL,0
2014/7/23,95.42,97.88,95.17,97.19,92917719,AAPL,1
2014/7/24,97.04,97.32,96.42,97.03,45728843,AAPL,0
2014/7/25,96.85,97.84,96.64,97.67,43469117,AAPL,0
2014/7/28,97.82,99.24,97.55,99.02,55317689,AAPL,1
2014/7/29,99.33,99.44,98.25,98.38,43143095,AAPL,1
2014/7/30,98.44,98.7,97.67,98.15,33010001,AAPL,1
2014/7/31,97.16,97.45,95.33,95.6,56842647,AAPL,0
2014/8/1,94.9,96.62,94.81,96.13,48511286,AAPL,1
2014/8/4,96.37,96.58,95.17,95.59,39958144,AAPL,1
2014/8/5,95.36,95.68,94.36,95.12,55932663,AAPL,1
2014/8/6,94.75,95.48,94.71,94.96,38558342,AAPL,1
2014/8/7,94.93,95.95,94.1,94.48,46711179,AAPL,0
2014/8/8,94.26,94.82,93.28,94.74,41865193,AAPL,0
2014/8/11,95.27,96.08,94.84,95.99,36584844,AAPL,1
2014/8/12,96.04,96.88,95.61,95.97,33795352,AAPL,0
2014/8/13,96.15,97.24,96.04,97.24,31916439,AAPL,0
2014/8/14,97.33,97.57,96.8,97.5,28115566,AAPL,0
2014/8/15,97.9,98.19,96.86,97.98,48951331,AAPL,0
2014/8/18,98.49,99.37,97.98,99.16,47572413,AAPL,0
2014/8/19,99.41,100.68,99.32,100.53,69399270,AAPL,0
2014/8/20,100.44,101.09,99.95,100.57,52699192,AAPL,0
2014/8/21,100.57,100.94,100.11,100.58,33478198,AAPL,0
2014/8/22,100.29,101.47,100.19,101.32,44183834,AAPL,0
2014/8/25,101.79,102.17,101.28,101.54,40270173,AAPL,1
2014/8/26,101.42,101.5,100.86,100.89,33151984,AAPL,0
2014/8/27,101.02,102.57,100.7,102.13,52369011,AAPL,0
2014/8/28,102.13,102.78,101.56,102.25,68459801,AAPL,0
2014/8/29,102.86,102.9,102.2,102.5,44595247,AAPL,0
2014/9/2,103.06,103.74,102.72,103.3,53564262,AAPL,1
2014/9/3,103.1,103.2,98.58,98.94,125420521,AAPL,1
2014/9/4,98.85,100.09,97.79,98.12,85718221,AAPL,0
2014/9/5,98.8,99.39,98.31,98.97,58457035,AAPL,1
2014/9/8,99.3,99.31,98.05,98.36,46356742,AAPL,1
2014/9/9,99.08,103.08,96.14,97.99,189846255,AAPL,0
2014/9/10,98.01,101.11,97.76,101,100869587,AAPL,0
2014/9/11,100.41,101.44,99.62,101.43,62399743,AAPL,0
2014/9/12,101.21,102.19,101.08,101.66,64096903,AAPL,1
2014/9/15,102.81,103.05,101.44,101.63,61316516,AAPL,1
2014/9/16,99.8,101.26,98.89,100.86,66908133,AAPL,0
2014/9/17,101.27,101.8,100.59,101.58,60926498,AAPL,0
2014/9/18,101.93,102.35,101.56,101.79,37299435,AAPL,1
2014/9/19,102.29,102.35,100.88,100.96,70902406,AAPL,0
2014/9/22,101.8,102.14,100.58,101.06,52788426,AAPL,0
2014/9/23,100.6,102.94,100.54,102.64,63402196,AAPL,1
2014/9/24,102.16,102.85,101.2,101.75,60171828,AAPL,1
2014/9/25,100.51,100.71,97.72,97.87,100091990,AAPL,0
2014/9/26,98.53,100.75,98.4,100.75,62370501,AAPL,1
2014/9/29,98.65,100.44,98.63,100.11,49766312,AAPL,0
2014/9/30,100.81,101.54,100.53,100.75,55264139,AAPL,1
2014/10/1,100.59,100.69,98.7,99.18,51491286,AAPL,0
2014/10/2,99.27,100.22,98.04,99.9,47757828,AAPL,1
2014/10/3,99.44,100.21,99.04,99.62,43469585,AAPL,0
2014/10/6,99.95,100.65,99.42,99.62,37051182,AAPL,1
2014/10/7,99.43,100.12,98.73,98.75,42094183,AAPL,0
2014/10/8,98.76,101.11,98.31,100.8,57404674,AAPL,0
2014/10/9,101.54,102.38,100.61,101.02,77376525,AAPL,1
2014/10/10,100.69,102.03,100.3,100.73,66331592,AAPL,1
2014/10/13,101.33,101.78,99.81,99.81,53583368,AAPL,1
2014/10/14,100.39,100.52,98.57,98.75,63688562,AAPL,1
2014/10/15,97.97,99.15,95.18,97.54,100933600,AAPL,1
2014/10/16,95.55,97.72,95.41,96.26,72154523,AAPL,0
2014/10/17,97.5,99,96.81,97.67,68179688,AAPL,0
2014/10/20,98.32,99.96,98.22,99.76,77517279,AAPL,0
2014/10/21,103.02,103.02,101.27,102.47,94623904,AAPL,0
2014/10/22,102.84,104.11,102.6,102.99,68263146,AAPL,0
2014/10/23,104.08,105.05,103.63,104.83,71074674,AAPL,0
2014/10/24,105.18,105.49,104.53,105.22,47053916,AAPL,1
2014/10/27,104.85,105.48,104.7,105.11,34187701,AAPL,0
2014/10/28,105.4,106.74,105.35,106.74,48060949,AAPL,0
2014/10/29,106.65,107.37,106.36,107.34,52687879,AAPL,1
2014/10/30,106.96,107.35,105.9,106.98,40654793,AAPL,0
2014/10/31,108.01,108.04,107.21,108,44639285,AAPL,0
2014/11/3,108.22,110.3,108.01,109.4,52282550,AAPL,1
2014/11/4,109.36,109.49,107.72,108.6,41574365,AAPL,0
2014/11/5,109.1,109.3,108.12,108.86,37435905,AAPL,1
2014/11/6,108.6,108.79,107.8,108.7,34968457,AAPL,0
2014/11/7,108.75,109.32,108.55,109.01,33691535,AAPL,1
2014/11/10,109.02,109.33,108.67,108.83,27195547,AAPL,0
2014/11/11,108.7,109.75,108.4,109.7,27442252,AAPL,0
2014/11/12,109.38,111.43,109.37,111.25,46942431,AAPL,0
2014/11/13,111.8,113.45,111.6,112.82,59522855,AAPL,0
2014/11/14,113.15,114.19,113.05,114.18,44063595,AAPL,1
2014/11/17,114.27,117.28,113.3,113.99,46746712,AAPL,0
2014/11/18,113.94,115.69,113.89,115.47,44223978,AAPL,1
2014/11/19,115.44,115.74,113.8,114.67,41869160,AAPL,0
2014/11/20,114.91,116.86,114.85,116.31,43395537,AAPL,0
2014/11/21,117.51,117.57,116.03,116.47,57179298,AAPL,0
2014/11/24,116.85,118.77,116.62,118.62,47450824,AAPL,1
2014/11/25,119.07,119.75,117.45,117.6,68840440,AAPL,0
2014/11/26,117.94,119.1,117.83,119,40831886,AAPL,1
2014/11/28,119.27,119.4,118.05,118.93,24814402,AAPL,1
2014/12/1,118.81,119.25,111.27,115.07,83814037,AAPL,1
2014/12/2,113.5,115.75,112.75,114.63,59348940,AAPL,0
2014/12/3,115.75,116.35,115.11,115.93,43063440,AAPL,1
2014/12/4,115.77,117.2,115.29,115.49,42155776,AAPL,1
2014/12/5,115.99,116.08,114.64,115,38318895,AAPL,1
2014/12/8,114.1,114.65,111.62,112.4,57664850,AAPL,0
2014/12/9,110.19,114.3,109.35,114.12,60208036,AAPL,1
2014/12/10,114.41,114.85,111.54,111.95,44565318,AAPL,1
2014/12/11,112.26,113.8,111.34,111.62,41471578,AAPL,1
2014/12/12,110.46,111.87,109.58,109.73,56028138,AAPL,1
2014/12/15,110.7,111.6,106.35,108.22,67218082,AAPL,1
2014/12/16,106.37,110.16,106.26,106.74,60790733,AAPL,0
2014/12/17,107.12,109.84,106.82,109.41,53411773,AAPL,0
2014/12/18,111.87,112.65,110.66,112.65,59006218,AAPL,1
2014/12/19,112.26,113.24,111.66,111.78,88429770,AAPL,0
2014/12/22,112.16,113.49,111.97,112.94,45167549,AAPL,1
2014/12/23,113.23,113.33,112.46,112.54,26028419,AAPL,1
2014/12/24,112.58,112.71,112.01,112.01,14479611,AAPL,0
2014/12/26,112.1,114.52,112.01,113.99,33720951,AAPL,1
2014/12/29,113.79,114.77,113.7,113.91,27598920,AAPL,1
2014/12/30,113.64,113.92,112.11,112.52,29881477,AAPL,1
2014/12/31,112.82,113.13,110.21,110.38,41403351,AAPL,1
2015/1/2,111.39,111.44,107.35,109.33,53204626,AAPL,1
2015/1/5,108.29,108.65,105.41,106.25,64285491,AAPL,0
2015/1/6,106.54,107.43,104.63,106.26,65797116,AAPL,0
2015/1/7,107.2,108.2,106.7,107.75,40105934,AAPL,0
2015/1/8,109.23,112.15,108.7,111.89,59364547,AAPL,0
2015/1/9,112.67,113.25,110.21,112.01,53699527,AAPL,1
2015/1/12,112.6,112.63,108.8,109.25,49650790,AAPL,0
2015/1/13,111.43,112.8,108.91,110.22,67091928,AAPL,1
2015/1/14,109.04,110.49,108.5,109.8,48956588,AAPL,1
2015/1/15,110,110.06,106.66,106.82,60013996,AAPL,1
2015/1/16,107.03,107.58,105.2,105.99,78513345,AAPL,0
2015/1/20,107.84,108.97,106.5,108.72,49899907,AAPL,0
2015/1/21,108.95,111.06,108.27,109.55,48575897,AAPL,0
2015/1/22,110.26,112.47,109.72,112.4,53796409,AAPL,0
2015/1/23,112.3,113.75,111.53,112.98,46464828,AAPL,0
2015/1/26,113.74,114.36,112.8,113.1,55614979,AAPL,1
2015/1/27,112.42,112.48,109.03,109.14,95568749,AAPL,0
2015/1/28,117.62,118.12,115.31,115.31,146477063,AAPL,0
2015/1/29,116.32,119.19,115.56,118.9,84436432,AAPL,1
2015/1/30,118.4,120,116.85,117.16,83745461,AAPL,0
2015/2/2,118.05,119.17,116.08,118.63,62739100,AAPL,0
2015/2/3,118.5,119.09,117.61,118.65,51915749,AAPL,0
2015/2/4,118.5,120.51,118.31,119.56,70149743,AAPL,0
2015/2/5,120.02,120.23,119.25,119.94,42246245,AAPL,1
2015/2/6,120.02,120.25,118.45,118.93,43706567,AAPL,0
2015/2/9,118.55,119.84,118.43,119.72,38889797,AAPL,0
2015/2/10,120.17,122.15,120.16,122.02,62008506,AAPL,0
2015/2/11,122.77,124.92,122.5,124.88,73561797,AAPL,0
2015/2/12,126.06,127.48,125.57,126.46,74474466,AAPL,0
2015/2/13,127.28,127.28,125.65,127.08,54272219,AAPL,0
2015/2/17,127.49,128.88,126.92,127.83,63152405,AAPL,0
2015/2/18,127.62,128.78,127.45,128.72,44891737,AAPL,1
2015/2/19,128.48,129.03,128.33,128.45,37362381,AAPL,0
2015/2/20,128.62,129.5,128.05,129.5,48948419,AAPL,0
2015/2/23,130.02,133,129.66,133,70974110,AAPL,1
2015/2/24,132.94,133.6,131.17,132.17,69228130,AAPL,1
2015/2/25,131.56,131.6,128.15,128.79,74711746,AAPL,0
2015/2/26,128.78,130.87,126.61,130.42,91287529,AAPL,1
2015/2/27,130,130.57,128.24,128.46,62014847,AAPL,0
2015/3/2,129.25,130.28,128.3,129.09,48096663,AAPL,0
2015/3/3,128.96,129.52,128.09,129.36,37816283,AAPL,1
2015/3/4,129.1,129.56,128.32,128.54,31666340,AAPL,1
2015/3/5,128.58,128.75,125.76,126.41,56517146,AAPL,0
2015/3/6,128.4,129.37,126.26,126.6,72842060,AAPL,0
2015/3/9,127.96,129.57,125.06,127.14,88528487,AAPL,1
2015/3/10,126.41,127.22,123.8,124.51,68856582,AAPL,1
2015/3/11,124.75,124.77,122.11,122.24,68938974,AAPL,0
2015/3/12,122.31,124.9,121.63,124.45,48362719,AAPL,1
2015/3/13,124.4,125.4,122.58,123.59,51827283,AAPL,0
2015/3/16,123.88,124.95,122.87,124.95,35874300,AAPL,0
2015/3/17,125.9,127.32,125.65,127.04,51023104,AAPL,0
2015/3/18,127,129.16,126.37,128.47,65270945,AAPL,1
2015/3/19,128.75,129.25,127.4,127.5,45809490,AAPL,1
2015/3/20,128.25,128.4,125.16,125.9,68695136,AAPL,0
2015/3/23,127.12,127.85,126.52,127.21,37709674,AAPL,1
2015/3/24,127.23,128.04,126.56,126.69,32842304,AAPL,1
2015/3/25,126.54,126.82,123.38,123.38,51655177,AAPL,0
2015/3/26,122.76,124.88,122.6,124.24,47572869,AAPL,1
2015/3/27,124.57,124.7,122.91,123.25,39546151,AAPL,0
2015/3/30,124.05,126.4,124,126.37,47099670,AAPL,1
2015/3/31,126.09,126.49,124.36,124.43,42090553,AAPL,1
2015/4/1,124.82,125.12,123.1,124.25,40621437,AAPL,0
2015/4/2,125.03,125.56,124.19,125.32,32220131,AAPL,0
2015/4/6,124.47,127.51,124.33,127.35,37193975,AAPL,1
2015/4/7,127.64,128.12,125.98,126.01,35012268,AAPL,1
2015/4/8,125.85,126.4,124.97,125.6,37329243,AAPL,0
2015/4/9,125.85,126.58,124.66,126.56,32483974,AAPL,0
2015/4/10,125.95,127.21,125.26,127.1,40187953,AAPL,1
2015/4/13,128.37,128.57,126.61,126.85,36365123,AAPL,1
2015/4/14,127,127.29,125.91,126.3,25524593,AAPL,0
2015/4/15,126.41,127.13,126.01,126.78,28970419,AAPL,1
2015/4/16,126.28,127.1,126.11,126.17,28368987,AAPL,1
2015/4/17,125.55,126.14,124.46,124.75,51957046,AAPL,0
2015/4/20,125.57,128.12,125.17,127.6,47054310,AAPL,1
2015/4/21,128.1,128.2,126.67,126.91,32435057,AAPL,0
2015/4/22,126.99,128.87,126.32,128.62,37654505,AAPL,0
2015/4/23,128.3,130.42,128.14,129.67,45770902,AAPL,0
2015/4/24,130.49,130.63,129.23,130.28,44525905,AAPL,0
2015/4/27,132.31,133.13,131.15,132.65,96954207,AAPL,1
2015/4/28,134.46,134.54,129.57,130.56,118923970,AAPL,1
2015/4/29,130.16,131.59,128.3,128.64,63386083,AAPL,1
2015/4/30,128.64,127.88,124.58,125.15,83195423,AAPL,0
2015/5/1,126.1,130.13,125.3,128.95,58512638,AAPL,1
2015/5/4,129.5,130.57,128.26,128.7,50988278,AAPL,1
2015/5/5,128.15,128.45,125.78,125.8,49271416,AAPL,1
2015/5/6,126.56,126.75,123.36,125.01,72141010,AAPL,0
2015/5/7,124.77,126.08,124.02,125.26,43940895,AAPL,0
2015/5/8,126.68,127.62,126.11,127.62,55550382,AAPL,1
2015/5/11,127.39,127.56,125.62,126.32,42035757,AAPL,1
2015/5/12,125.6,126.88,124.82,125.86,48160032,AAPL,0
2015/5/13,126.15,127.19,125.87,126.01,34694235,AAPL,0
2015/5/14,127.41,128.95,127.16,128.95,45203456,AAPL,1
2015/5/15,129.07,129.49,128.21,128.77,38208034,AAPL,0
2015/5/18,128.38,130.72,128.36,130.19,50882918,AAPL,1
2015/5/19,130.69,130.88,129.64,130.07,44633240,AAPL,1
2015/5/20,130,130.98,129.34,130.06,36454932,AAPL,0
2015/5/21,130.07,131.63,129.83,131.39,39730364,AAPL,0
2015/5/22,131.6,132.97,131.4,132.54,45595972,AAPL,1
2015/5/26,132.6,132.91,129.12,129.62,70697560,AAPL,0
2015/5/27,130.34,132.26,130.05,132.04,45833246,AAPL,1
2015/5/28,131.86,131.95,131.1,131.78,30733309,AAPL,1
2015/5/29,131.23,131.45,129.9,130.28,50884452,AAPL,0
2015/6/1,130.28,131.39,130.05,130.54,32112797,AAPL,1
2015/6/2,129.86,130.66,129.32,129.96,33667627,AAPL,0
2015/6/3,130.66,130.94,129.9,130.12,30983542,AAPL,1
2015/6/4,129.58,130.58,128.91,129.36,38450118,AAPL,1
2015/6/5,129.5,129.69,128.36,128.65,35626800,AAPL,1
2015/6/8,128.9,129.21,126.83,127.8,52674786,AAPL,1
2015/6/9,126.7,128.08,125.62,127.42,56075420,AAPL,0
2015/6/10,127.92,129.34,127.85,128.88,39087250,AAPL,1
2015/6/11,129.18,130.18,128.48,128.59,35390887,AAPL,1
2015/6/12,128.18,128.33,127.11,127.17,36886246,AAPL,1
2015/6/15,126.1,127.24,125.71,126.92,43988946,AAPL,0
2015/6/16,127.03,127.85,126.37,127.6,31494131,AAPL,1
2015/6/17,127.72,127.88,126.74,127.3,32918071,AAPL,0
2015/6/18,127.23,128.31,127.22,127.88,35407220,AAPL,1
2015/6/19,127.71,127.82,126.4,126.6,54716887,AAPL,0
2015/6/22,127.49,128.06,127.08,127.61,34039345,AAPL,1
2015/6/23,127.48,127.61,126.88,127.03,30268863,AAPL,0
2015/6/24,127.21,129.8,127.12,128.11,55280855,AAPL,1
2015/6/25,128.86,129.2,127.5,127.5,31938100,AAPL,1
2015/6/26,127.67,127.99,126.51,126.75,44066841,AAPL,1
2015/6/29,125.46,126.47,124.48,124.53,49161427,AAPL,0
2015/6/30,125.57,126.12,124.86,125.42,44370682,AAPL,0
2015/7/1,126.9,126.94,125.99,126.6,30238811,AAPL,1
2015/7/2,126.43,126.69,125.77,126.44,27210952,AAPL,1
2015/7/6,124.94,126.23,124.85,126,28060431,AAPL,1
2015/7/7,125.89,126.15,123.77,125.69,46946811,AAPL,1
2015/7/8,124.48,124.64,122.54,122.57,60761614,AAPL,1
2015/7/9,123.85,124.06,119.22,120.07,78595038,AAPL,0
2015/7/10,121.94,123.85,121.21,123.28,61354474,AAPL,0
2015/7/13,125.03,125.76,124.32,125.66,41440538,AAPL,1
2015/7/14,126.04,126.37,125.04,125.61,31768139,AAPL,0
2015/7/15,125.72,127.15,125.58,126.82,33649200,AAPL,0
2015/7/16,127.74,128.57,127.35,128.51,36222447,AAPL,0
2015/7/17,129.08,129.62,128.31,129.62,46164710,AAPL,0
2015/7/20,130.97,132.97,130.7,132.07,58900203,AAPL,1
2015/7/21,132.85,132.92,130.32,130.75,76756427,AAPL,1
2015/7/22,121.99,125.5,121.99,125.22,115450607,AAPL,1
2015/7/23,126.2,127.09,125.06,125.16,50999452,AAPL,1
2015/7/24,125.32,125.74,123.9,124.5,42162332,AAPL,1
2015/7/27,123.09,123.61,122.12,122.77,44455540,AAPL,0
2015/7/28,123.38,123.91,122.55,123.38,33618097,AAPL,1
2015/7/29,123.15,123.5,122.27,122.99,37011653,AAPL,1
2015/7/30,122.32,122.57,121.71,122.37,33628268,AAPL,1
2015/7/31,122.6,122.64,120.91,121.3,42884953,AAPL,1
2015/8/3,121.5,122.57,117.52,118.44,69975968,AAPL,1
2015/8/4,117.42,117.7,113.25,114.64,124138623,AAPL,0
2015/8/5,112.95,117.44,112.1,115.4,99312613,AAPL,1
2015/8/6,115.97,116.5,114.12,115.13,52903040,AAPL,0
2015/8/7,114.58,116.25,114.5,115.52,38670405,AAPL,0
2015/8/10,116.53,119.99,116.53,119.72,54951597,AAPL,1
2015/8/11,117.81,118.18,113.33,113.49,97082814,AAPL,0
2015/8/12,112.53,115.42,109.63,115.24,101685610,AAPL,1
2015/8/13,116.04,116.4,114.54,115.15,48535789,AAPL,0
2015/8/14,114.32,116.31,114.01,115.96,42929516,AAPL,0
2015/8/17,116.04,117.65,115.5,117.16,40884745,AAPL,1
2015/8/18,116.43,117.44,116.01,116.5,34560708,AAPL,1
2015/8/19,116.1,116.52,114.68,115.01,48286510,AAPL,1
2015/8/20,114.08,114.35,111.63,112.65,67765523,AAPL,1
2015/8/21,110.43,111.9,105.64,105.76,126289223,AAPL,1
2015/8/24,94.87,108.8,92,103.12,161454199,AAPL,0
2015/8/25,111.11,111.11,103.5,103.74,102240208,AAPL,0
2015/8/26,107.08,109.89,105.05,109.69,96226269,AAPL,0
2015/8/27,112.23,113.24,110.02,112.92,83265146,AAPL,0
2015/8/28,112.17,113.31,111.54,113.29,52896384,AAPL,1
2015/8/31,112.03,114.53,112,112.76,55962842,AAPL,1
2015/9/1,110.15,111.88,107.36,107.72,75988194,AAPL,0
2015/9/2,110.23,112.34,109.13,112.34,61520170,AAPL,1
2015/9/3,112.49,112.78,110.04,110.37,52906410,AAPL,1
2015/9/4,108.97,110.45,108.51,109.27,49628615,AAPL,0
2015/9/8,111.75,112.56,110.32,112.31,54114204,AAPL,1
2015/9/9,113.76,114.02,109.77,110.15,84344438,AAPL,0
2015/9/10,110.27,113.28,109.9,112.57,62675234,AAPL,0
2015/9/11,111.79,114.21,111.76,114.21,49441846,AAPL,0
2015/9/14,116.58,116.89,114.86,115.31,58201862,AAPL,0
2015/9/15,115.93,116.53,114.42,116.28,43004052,AAPL,0
2015/9/16,116.25,116.54,115.44,116.41,36909956,AAPL,1
2015/9/17,115.66,116.49,113.72,113.92,63462713,AAPL,1
2015/9/18,112.21,114.3,111.87,113.45,73418992,AAPL,0
2015/9/21,113.67,115.37,113.66,115.21,46554289,AAPL,1
2015/9/22,113.38,114.18,112.52,113.4,49809010,AAPL,0
2015/9/23,113.63,114.72,113.3,114.32,35645658,AAPL,0
2015/9/24,113.25,115.5,112.37,115,49810647,AAPL,1
2015/9/25,116.44,116.69,114.02,114.71,55842210,AAPL,1
2015/9/28,113.85,114.57,112.44,112.44,51723929,AAPL,1
2015/9/29,112.83,113.51,107.86,109.06,73135853,AAPL,0
2015/9/30,110.17,111.54,108.73,110.3,66105030,AAPL,1
2015/10/1,109.07,109.62,107.31,109.58,63747954,AAPL,0
2015/10/2,108.01,111.01,107.55,110.38,57560431,AAPL,0
2015/10/5,110.08,111.37,109.07,110.78,51723110,AAPL,0
2015/10/6,110.63,111.74,109.76,111.31,48196751,AAPL,1
2015/10/7,110.47,111.77,109.41,110.78,46602587,AAPL,1
2015/10/8,110.06,110.19,108.21,109.5,61698450,AAPL,0
2015/10/9,111.64,112.28,109.49,112.12,52533783,AAPL,1
2015/10/12,112.73,112.75,111.44,111.6,30114425,AAPL,0
2015/10/13,110.82,112.45,110.68,111.79,32424018,AAPL,1
2015/10/14,111.29,111.52,109.56,110.21,44325611,AAPL,0
2015/10/15,110.93,112.1,110.49,111.86,37340996,AAPL,1
2015/10/16,111.78,112,110.53,111.04,38236278,AAPL,0
2015/10/19,110.8,111.75,110.11,111.73,29606075,AAPL,0
2015/10/20,111.34,114.17,110.82,113.77,48778770,AAPL,1
2015/10/21,114,115.58,113.7,113.76,41795238,AAPL,0
2015/10/22,114.33,115.5,114.1,115.5,41272693,AAPL,0
2015/10/23,118.77,119.23,116.33,119.08,59139552,AAPL,1
2015/10/26,118.08,118.13,114.92,115.28,66019504,AAPL,1
2015/10/27,115.4,116.54,113.99,114.55,57953589,AAPL,0
2015/10/28,117.58,119.3,116.06,119.27,85023324,AAPL,0
2015/10/29,118.7,120.69,118.27,120.53,50240803,AAPL,1
2015/10/30,120.99,121.22,119.45,119.5,48811991,AAPL,0
2015/11/2,120.8,121.36,119.61,121.18,31761309,AAPL,0
2015/11/3,120.79,123.49,120.7,122.57,45331025,AAPL,1
2015/11/4,122.56,123.82,121.62,122,44343498,AAPL,1
2015/11/5,121.85,122.69,120.18,120.92,39258480,AAPL,0
2015/11/6,121.08,121.81,120.62,121.06,32931447,AAPL,1
2015/11/9,120.96,121.81,120.05,120.57,33657546,AAPL,1
2015/11/10,116.9,118.07,116.06,116.77,58635125,AAPL,1
2015/11/11,116.37,117.42,115.21,116.11,45104903,AAPL,1
2015/11/12,116.26,116.82,115.65,115.72,32262598,AAPL,1
2015/11/13,115.2,115.57,112.27,112.34,45164053,AAPL,0
2015/11/16,111.38,114.24,111,114.18,37651022,AAPL,1
2015/11/17,114.92,115.05,113.32,113.69,27253964,AAPL,0
2015/11/18,115.76,117.49,115.5,117.29,46163404,AAPL,0
2015/11/19,117.64,119.75,116.76,118.78,42908179,AAPL,0
2015/11/20,119.2,119.92,118.85,119.3,34103529,AAPL,1
2015/11/23,119.27,119.73,117.34,117.75,32266736,AAPL,0
2015/11/24,117.33,119.35,117.12,118.88,42426855,AAPL,1
2015/11/25,119.21,119.23,117.92,118.03,21388308,AAPL,1
2015/11/27,118.29,118.41,117.6,117.81,13043720,AAPL,0
2015/11/30,117.99,119.41,117.75,118.3,37658671,AAPL,1
2015/12/1,118.75,118.81,116.86,117.34,34700991,AAPL,1
2015/12/2,117.34,118.11,116.08,116.28,33198964,AAPL,1
2015/12/3,115.24,116.79,114.22,115.2,41569509,AAPL,0
2015/12/4,115.29,119.25,115.11,119.03,57776977,AAPL,1
2015/12/7,118.32,119.86,117.81,118.28,32084249,AAPL,1
2015/12/8,117.52,118.6,116.86,118.23,34309450,AAPL,1
2015/12/9,115.3,117.69,115.08,115.62,46361357,AAPL,0
2015/12/10,116.04,116.94,115.51,116.17,29212727,AAPL,1
2015/12/11,115.19,115.39,112.85,113.18,46886161,AAPL,1
2015/12/14,112.18,112.68,109.79,112.48,64318732,AAPL,1
2015/12/15,111.94,112.8,110.35,110.49,53323105,AAPL,0
2015/12/16,111.07,111.99,108.8,111.34,56238467,AAPL,1
2015/12/17,112.02,112.25,108.98,108.98,44772827,AAPL,1
2015/12/18,108.91,109.52,105.81,106.03,96453327,AAPL,0
2015/12/21,107.28,107.37,105.57,107.33,47590610,AAPL,1
2015/12/22,107.4,107.72,106.45,107.23,32789367,AAPL,0
2015/12/23,107.27,108.85,107.2,108.61,32657354,AAPL,1
2015/12/24,109,109,107.95,108.03,13596680,AAPL,1
2015/12/28,107.59,107.69,106.18,106.82,26704210,AAPL,0
2015/12/29,106.96,109.43,106.86,108.74,30931243,AAPL,1
2015/12/30,108.58,108.7,107.18,107.32,25213777,AAPL,1
2015/12/31,107.01,107.03,104.82,105.26,40912316,AAPL,0
2016/1/4,102.61,105.37,102,105.35,67281190,AAPL,1
2016/1/5,105.75,105.85,102.41,102.71,55790992,AAPL,1
2016/1/6,100.56,102.37,99.87,100.7,68457388,AAPL,1
2016/1/7,98.68,100.13,96.43,96.45,81094428,AAPL,0
2016/1/8,98.55,99.11,96.76,96.96,70798016,AAPL,0
2016/1/11,98.97,99.06,97.34,98.53,49739377,AAPL,0
2016/1/12,100.55,100.69,98.84,99.96,49154227,AAPL,1
2016/1/13,100.32,101.19,97.3,97.39,61745031,AAPL,0
2016/1/14,97.96,100.48,95.74,99.52,62424154,AAPL,1
2016/1/15,96.2,97.71,95.36,97.13,79010008,AAPL,1
2016/1/19,98.41,98.65,95.5,96.66,52841349,AAPL,0
2016/1/20,95.1,98.19,93.42,96.79,72008265,AAPL,1
2016/1/21,97.06,97.88,94.94,96.3,52054521,AAPL,0
2016/1/22,98.63,101.46,98.37,101.42,65562769,AAPL,1
2016/1/25,101.52,101.53,99.21,99.44,51196375,AAPL,0
2016/1/26,99.93,100.88,98.07,99.99,63538305,AAPL,1
2016/1/27,96.04,96.63,93.34,93.42,132224500,AAPL,0
2016/1/28,93.79,94.52,92.39,94.09,55557109,AAPL,0
2016/1/29,94.79,97.34,94.35,97.34,64010141,AAPL,1
2016/2/1,96.47,96.71,95.4,96.43,40571593,AAPL,1
2016/2/2,95.42,96.04,94.28,94.48,37081206,AAPL,0
2016/2/3,95,96.84,94.08,96.35,45366710,AAPL,0
2016/2/4,95.86,97.33,95.19,96.6,46263907,AAPL,1
2016/2/5,96.52,96.92,93.69,94.02,45853883,AAPL,0
2016/2/8,93.13,95.7,93.04,95.01,53852284,AAPL,1
2016/2/9,94.29,95.94,93.93,94.99,44262912,AAPL,1
2016/2/10,95.92,96.35,94.1,94.27,42244975,AAPL,1
2016/2/11,93.79,94.72,92.59,93.7,49686210,AAPL,0
2016/2/12,94.19,94.5,93.01,93.99,40121670,AAPL,0
2016/2/16,95.02,96.85,94.61,96.64,47490678,AAPL,0
2016/2/17,96.67,98.21,96.15,98.12,44390173,AAPL,1
2016/2/18,98.84,98.89,96.09,96.26,38494442,AAPL,1
2016/2/19,96,96.76,95.8,96.04,34485576,AAPL,0
2016/2/22,96.31,96.9,95.92,96.88,34048195,AAPL,1
2016/2/23,96.4,96.5,94.55,94.69,31686699,AAPL,0
2016/2/24,93.98,96.38,93.32,96.1,36155642,AAPL,0
2016/2/25,96.05,96.76,95.25,96.76,27393905,AAPL,0
2016/2/26,97.2,98.02,96.58,96.91,28913208,AAPL,1
2016/2/29,96.86,98.23,96.65,96.69,34876558,AAPL,0
2016/3/1,97.65,100.77,97.42,100.53,50153943,AAPL,0
2016/3/2,100.51,100.89,99.64,100.75,33084941,AAPL,0
2016/3/3,100.58,101.71,100.45,101.5,36792245,AAPL,0
2016/3/4,102.37,103.75,101.37,103.01,45936485,AAPL,1
2016/3/7,102.39,102.83,100.96,101.87,35828909,AAPL,1
2016/3/8,100.78,101.76,100.4,101.03,31274161,AAPL,0
2016/3/9,101.31,101.58,100.27,101.12,27130729,AAPL,0
2016/3/10,101.41,102.24,100.15,101.17,33513577,AAPL,0
2016/3/11,102.24,102.28,101.5,102.26,27200833,AAPL,0
2016/3/14,101.91,102.91,101.78,102.52,25027426,AAPL,0
2016/3/15,103.96,105.18,103.85,104.58,40067734,AAPL,0
2016/3/16,104.61,106.31,104.59,105.97,37893758,AAPL,1
2016/3/17,105.52,106.47,104.96,105.8,34244593,AAPL,0
2016/3/18,106.34,106.5,105.19,105.92,43402289,AAPL,1
2016/3/21,105.93,107.65,105.14,105.91,35180796,AAPL,0
2016/3/22,105.25,107.29,105.21,106.72,32232567,AAPL,1
2016/3/23,106.48,107.07,105.9,106.13,25452612,AAPL,1
2016/3/24,105.47,106.25,104.89,105.67,25480914,AAPL,1
2016/3/28,106,106.19,105.06,105.19,19303557,AAPL,0
2016/3/29,104.89,107.79,104.88,107.68,30774115,AAPL,0
2016/3/30,108.65,110.42,108.6,109.56,45159861,AAPL,1
2016/3/31,109.72,109.9,108.88,108.99,25685672,AAPL,0
2016/4/1,108.78,110,108.2,109.99,25626163,AAPL,0
2016/4/4,110.42,112.19,110.27,111.12,37243224,AAPL,1
2016/4/5,109.51,110.73,109.42,109.81,26495312,AAPL,0
2016/4/6,110.23,110.98,109.2,110.96,26047772,AAPL,1
2016/4/7,109.95,110.42,108.12,108.54,30881022,AAPL,0
2016/4/8,108.91,109.77,108.17,108.66,23514462,AAPL,0
2016/4/11,108.97,110.61,108.83,109.02,28313525,AAPL,0
2016/4/12,109.34,110.5,108.66,110.44,26812000,AAPL,0
2016/4/13,110.8,112.34,110.8,112.04,32691799,AAPL,0
2016/4/14,111.62,112.39,111.33,112.1,25337435,AAPL,1
2016/4/15,112.11,112.3,109.73,109.85,46418482,AAPL,1
2016/4/18,108.89,108.95,106.94,107.48,60834027,AAPL,1
2016/4/19,107.88,108,106.23,106.91,32292344,AAPL,0
2016/4/20,106.64,108.09,106.06,107.13,28666865,AAPL,1
2016/4/21,106.93,106.93,105.52,105.97,31356434,AAPL,1
2016/4/22,105.01,106.48,104.62,105.68,33477142,AAPL,1
2016/4/25,105,105.65,104.51,105.08,27950966,AAPL,1
2016/4/26,103.91,105.3,103.91,104.35,40338403,AAPL,1
2016/4/27,96,98.71,95.68,97.82,113538389,AAPL,1
2016/4/28,97.61,97.88,94.25,94.83,81990674,AAPL,1
2016/4/29,93.99,94.72,92.51,93.74,68334434,AAPL,1
2016/5/2,93.96,94.08,92.4,93.64,47736879,AAPL,0
2016/5/3,94.2,95.74,93.68,95.18,56533960,AAPL,1
2016/5/4,95.2,95.9,93.82,94.19,40824776,AAPL,1
2016/5/5,94,94.07,92.68,93.24,35763138,AAPL,1
2016/5/6,93.37,93.45,91.85,92.72,43458189,AAPL,0
2016/5/9,93,93.77,92.59,92.79,32855251,AAPL,0
2016/5/10,93.33,93.57,92.11,93.42,33592465,AAPL,1
2016/5/11,93.48,93.57,92.46,92.51,28539912,AAPL,1
2016/5/12,92.72,92.78,89.47,90.34,76109795,AAPL,0
2016/5/13,90,91.67,90,90.52,44188153,AAPL,0
2016/5/16,92.39,94.39,91.65,93.88,61140610,AAPL,1
2016/5/17,94.55,94.7,93.01,93.49,46507449,AAPL,0
2016/5/18,94.16,95.21,93.89,94.56,41923114,AAPL,1
2016/5/19,94.64,94.64,93.57,94.2,29693945,AAPL,0
2016/5/20,94.64,95.43,94.52,95.22,31804564,AAPL,0
2016/5/23,95.87,97.19,95.67,96.43,37860535,AAPL,0
2016/5/24,97.22,98.09,96.84,97.9,35036561,AAPL,0
2016/5/25,98.67,99.74,98.11,99.62,38168760,AAPL,0
2016/5/26,99.68,100.73,98.64,100.41,56093437,AAPL,1
2016/5/27,99.44,100.47,99.24,100.35,36229530,AAPL,1
2016/5/31,99.6,100.4,98.82,99.86,42307212,AAPL,1
2016/6/1,99.02,99.54,98.33,98.46,29173285,AAPL,1
2016/6/2,97.6,97.84,96.63,97.72,40191600,AAPL,0
2016/6/3,97.79,98.27,97.45,97.92,28504888,AAPL,0
2016/6/6,97.99,101.89,97.55,98.63,23292504,AAPL,0
2016/6/7,99.25,99.87,98.96,99.03,22409450,AAPL,1
2016/6/8,99.02,99.56,98.68,98.94,20848131,AAPL,0
2016/6/9,98.5,99.99,98.46,99.65,26601354,AAPL,1
2016/6/10,98.53,99.35,98.48,98.83,31712936,AAPL,1
2016/6/13,98.69,99.12,97.1,97.34,38020494,AAPL,0
2016/6/14,97.32,98.48,96.75,97.46,31931944,AAPL,1
2016/6/15,97.82,98.41,97.03,97.14,29445227,AAPL,0
2016/6/16,96.45,97.75,96.07,97.55,31326815,AAPL,1
2016/6/17,96.62,96.65,95.3,95.33,61008219,AAPL,1
2016/6/20,96,96.57,95.03,95.1,34411901,AAPL,0
2016/6/21,94.94,96.35,94.68,95.91,35546358,AAPL,1
2016/6/22,96.25,96.89,95.35,95.55,29219122,AAPL,0
2016/6/23,95.94,96.29,95.25,96.1,32240187,AAPL,1
2016/6/24,92.91,94.66,92.65,93.4,75311356,AAPL,1
2016/6/27,93,93.05,91.5,92.04,46622188,AAPL,0
2016/6/28,92.9,93.66,92.14,93.59,40444914,AAPL,0
2016/6/29,93.97,94.55,93.63,94.4,36531006,AAPL,0
2016/6/30,94.44,95.77,94.3,95.6,35836356,AAPL,0
2016/7/1,95.49,96.46,95.33,95.89,26026540,AAPL,1
2016/7/5,95.39,95.4,94.46,94.99,27705210,AAPL,0
2016/7/6,94.6,95.66,94.37,95.53,30949090,AAPL,0
2016/7/7,95.7,96.5,95.62,95.94,25139558,AAPL,0
2016/7/8,96.49,96.89,96.05,96.68,28912103,AAPL,0
2016/7/11,96.75,97.65,96.73,96.98,23794945,AAPL,0
2016/7/12,97.17,97.7,97.12,97.42,24167463,AAPL,1
2016/7/13,97.41,97.67,96.84,96.87,25892171,AAPL,0
2016/7/14,97.39,98.99,97.32,98.79,38918997,AAPL,1
2016/7/15,98.92,99.3,98.5,98.78,30136990,AAPL,0
2016/7/18,98.7,100.13,98.6,99.83,36493867,AAPL,0
2016/7/19,99.56,100,99.34,99.87,23779924,AAPL,0
2016/7/20,100,100.46,99.74,99.96,26275968,AAPL,1
2016/7/21,99.83,101,99.13,99.43,32702028,AAPL,1
2016/7/22,99.26,99.3,98.31,98.66,28313669,AAPL,1
2016/7/25,98.25,98.84,96.92,97.34,40382921,AAPL,1
2016/7/26,96.82,97.97,96.42,96.67,56239822,AAPL,0
2016/7/27,104.26,104.35,102.75,102.95,92344820,AAPL,0
2016/7/28,102.83,104.45,102.82,104.34,39869839,AAPL,1
2016/7/29,104.19,104.55,103.68,104.21,27733688,AAPL,0
2016/8/1,104.41,106.15,104.41,106.05,38167871,AAPL,1
2016/8/2,106.05,106.07,104,104.48,33816556,AAPL,0
2016/8/3,104.81,105.84,104.77,105.79,30202641,AAPL,0
2016/8/4,105.58,106,105.28,105.87,27408650,AAPL,0
2016/8/5,106.27,107.65,106.18,107.48,40553402,AAPL,0
2016/8/8,107.52,108.37,107.16,108.37,28037220,AAPL,0
2016/8/9,108.23,108.94,108.01,108.81,26315204,AAPL,1
2016/8/10,108.71,108.9,107.76,108,24008505,AAPL,1
2016/8/11,108.52,108.93,107.85,107.93,27484506,AAPL,0
2016/8/12,107.78,108.44,107.78,108.18,18660434,AAPL,0
2016/8/15,108.14,109.54,108.08,109.48,25868209,AAPL,1
2016/8/16,109.63,110.23,109.21,109.38,33794448,AAPL,1
2016/8/17,109.1,109.37,108.34,109.22,25355976,AAPL,1
2016/8/18,109.23,109.6,109.02,109.08,21984703,AAPL,0
2016/8/19,108.77,109.69,108.36,109.36,25368072,AAPL,1
2016/8/22,108.86,109.1,107.85,108.51,25820230,AAPL,0
2016/8/23,108.59,109.32,108.53,108.85,21257669,AAPL,1
2016/8/24,108.56,108.75,107.68,108.03,23675081,AAPL,1
2016/8/25,107.39,107.88,106.68,107.57,25086248,AAPL,1
2016/8/26,107.41,107.95,106.31,106.94,27766291,AAPL,1
2016/8/29,106.62,107.44,106.29,106.82,24970300,AAPL,1
2016/8/30,105.8,106.5,105.5,106,24863945,AAPL,0
2016/8/31,105.66,106.57,105.64,106.1,29662406,AAPL,0
2016/9/1,106.14,106.8,105.62,106.73,26701523,AAPL,0
2016/9/2,107.7,108,106.82,107.73,26334858,AAPL,1
2016/9/6,107.9,108.3,107.51,107.7,26880391,AAPL,0
2016/9/7,107.83,108.76,107.07,108.36,42364328,AAPL,1
2016/9/8,107.25,107.27,105.24,105.52,53002026,AAPL,1
2016/9/9,104.64,105.72,103.13,103.13,46556984,AAPL,0
2016/9/12,102.65,105.72,102.53,105.44,45292770,AAPL,0
2016/9/13,107.51,108.79,107.24,107.95,62176190,AAPL,0
2016/9/14,108.73,113.03,108.6,111.77,112340318,AAPL,0
2016/9/15,113.86,115.73,113.49,115.57,90613177,AAPL,1
2016/9/16,115.12,116.13,114.04,114.92,79886911,AAPL,1
2016/9/19,115.19,116.18,113.25,113.58,47023046,AAPL,1
2016/9/20,113.05,114.12,112.51,113.57,34514269,AAPL,1
2016/9/21,113.85,113.99,112.44,113.55,36003185,AAPL,0
2016/9/22,114.35,114.94,114,114.62,31073984,AAPL,1
2016/9/23,114.42,114.79,111.55,112.71,52481151,AAPL,0
2016/9/26,111.64,113.39,111.55,112.88,29869442,AAPL,0
2016/9/27,113,113.18,112.34,113.09,24607412,AAPL,0
2016/9/28,113.69,114.64,113.43,113.95,29641085,AAPL,1
2016/9/29,113.16,113.8,111.8,112.18,35886990,AAPL,0
2016/9/30,112.46,113.37,111.8,113.05,36379106,AAPL,1
2016/10/3,112.71,113.05,112.28,112.52,21701760,AAPL,0
2016/10/4,113.06,114.31,112.63,113,29736835,AAPL,0
2016/10/5,113.4,113.66,112.69,113.05,21453089,AAPL,0
2016/10/6,113.7,114.34,113.13,113.89,28779313,AAPL,0
2016/10/7,114.31,114.56,113.51,114.06,24358443,AAPL,0
2016/10/10,115.02,116.75,114.72,116.05,36235956,AAPL,0
2016/10/11,117.7,118.69,116.2,116.3,64041043,AAPL,0
2016/10/12,117.35,117.98,116.75,117.34,37586787,AAPL,1
2016/10/13,116.79,117.44,115.72,116.98,35192406,AAPL,0
2016/10/14,117.88,118.17,117.13,117.63,35652191,AAPL,1
2016/10/17,117.33,117.84,116.78,117.55,23624896,AAPL,1
2016/10/18,118.18,118.21,117.45,117.47,24553478,AAPL,1
2016/10/19,117.25,117.76,113.8,117.12,20034594,AAPL,1
2016/10/20,116.86,117.38,116.33,117.06,24125801,AAPL,1
2016/10/21,116.81,116.91,116.28,116.6,23192665,AAPL,0
2016/10/24,117.1,117.74,117,117.65,23538673,AAPL,0
2016/10/25,117.95,118.36,117.31,118.25,48128970,AAPL,1
2016/10/26,114.31,115.7,113.31,115.59,66134219,AAPL,1
2016/10/27,115.39,115.86,114.1,114.48,34562045,AAPL,1
2016/10/28,113.87,115.21,113.45,113.72,37861662,AAPL,1
2016/10/31,113.65,114.23,113.2,113.54,26419398,AAPL,1
2016/11/1,113.46,113.77,110.53,111.49,43825812,AAPL,0
2016/11/2,111.4,112.35,111.23,111.59,28331709,AAPL,1
2016/11/3,110.98,111.46,109.55,109.83,26932602,AAPL,1
2016/11/4,108.53,110.25,108.11,108.84,30836997,AAPL,0
2016/11/7,110.08,110.51,109.46,110.41,32560000,AAPL,0
2016/11/8,110.31,111.72,109.7,111.06,24254179,AAPL,1
2016/11/9,109.88,111.32,108.05,110.88,59176361,AAPL,1
2016/11/10,111.09,111.09,105.83,107.79,57134541,AAPL,0
2016/11/11,107.12,108.87,106.55,108.43,34143898,AAPL,1
2016/11/14,107.71,107.81,104.08,105.71,51175504,AAPL,0
2016/11/15,106.57,107.68,106.16,107.11,32264510,AAPL,0
2016/11/16,106.7,110.23,106.6,109.99,58840522,AAPL,1
2016/11/17,109.81,110.35,108.83,109.95,26964598,AAPL,0
2016/11/18,109.72,110.54,109.66,110.06,28428917,AAPL,0
2016/11/21,110.12,111.99,110.01,111.73,29264571,AAPL,0
2016/11/22,111.95,112.42,111.4,111.8,25965534,AAPL,1
2016/11/23,111.36,111.51,110.33,111.23,27426394,AAPL,0
2016/11/25,111.47,111.87,110.95,111.79,11475922,AAPL,1
2016/11/28,111.43,112.46,111.39,111.57,27193983,AAPL,1
2016/11/29,110.78,112.03,110.07,111.46,28528750,AAPL,1
2016/11/30,111.6,112.2,110.27,110.52,36162258,AAPL,1
2016/12/1,110.36,110.94,109.03,109.49,37086862,AAPL,0
2016/12/2,109.17,110.09,108.85,109.9,26527997,AAPL,1
2016/12/5,110,110.03,108.25,109.11,34324540,AAPL,0
2016/12/6,109.5,110.36,109.19,109.95,26195462,AAPL,0
2016/12/7,109.26,111.19,109.16,111.03,29998719,AAPL,0
2016/12/8,110.86,112.43,110.6,112.12,27068316,AAPL,0
2016/12/9,112.31,114.7,112.31,113.95,34402627,AAPL,1
2016/12/12,113.29,115,112.49,113.3,26374377,AAPL,0
2016/12/13,113.84,115.92,113.75,115.19,43733811,AAPL,0
2016/12/14,115.04,116.2,114.98,115.19,34031834,AAPL,0
2016/12/15,115.38,116.73,115.23,115.82,46524544,AAPL,0
2016/12/16,116.47,116.5,115.64,115.97,44351134,AAPL,0
2016/12/19,115.8,117.38,115.75,116.64,27779423,AAPL,0
2016/12/20,116.74,117.5,116.68,116.95,21424965,AAPL,0
2016/12/21,116.8,117.4,116.78,117.06,23783165,AAPL,1
2016/12/22,116.35,116.51,115.64,116.29,26085854,AAPL,0
2016/12/23,115.59,116.52,115.59,116.52,14249484,AAPL,0
2016/12/27,116.52,117.8,116.49,117.26,18296855,AAPL,1
2016/12/28,117.52,118.02,116.2,116.76,20905892,AAPL,1
2016/12/29,116.45,117.11,116.4,116.73,15039519,AAPL,1
2016/12/30,116.65,117.2,115.43,115.82,30586265,AAPL,0
2017/1/3,115.8,116.33,114.76,116.15,28781865,AAPL,1
2017/1/4,115.85,116.51,115.75,116.02,21118116,AAPL,0
2017/1/5,115.92,116.86,115.81,116.61,22193587,AAPL,0
2017/1/6,116.78,118.16,116.47,117.91,31751900,AAPL,0
2017/1/9,117.95,119.43,117.94,118.99,33561948,AAPL,0
2017/1/10,118.77,119.38,118.3,119.11,24462051,AAPL,0
2017/1/11,118.74,119.93,118.6,119.75,27588593,AAPL,1
2017/1/12,118.9,119.3,118.21,119.25,27086220,AAPL,1
2017/1/13,119.11,119.62,118.81,119.04,26111948,AAPL,0
2017/1/17,118.34,120.24,118.22,120,34439843,AAPL,1
2017/1/18,120,120.5,119.71,119.99,23712961,AAPL,1
2017/1/19,119.4,120.09,119.37,119.78,25597291,AAPL,0
2017/1/20,120.45,120.45,119.73,120,32597892,AAPL,0
2017/1/23,120,120.81,119.77,120.08,22050218,AAPL,1
2017/1/24,119.55,120.1,119.5,119.97,23211038,AAPL,0
2017/1/25,120.42,122.1,120.28,121.88,32586673,AAPL,0
2017/1/26,121.67,122.44,121.6,121.94,26337576,AAPL,0
2017/1/27,122.14,122.35,121.6,121.95,20562944,AAPL,1
2017/1/30,120.93,121.63,120.66,121.63,30377503,AAPL,1
2017/1/31,121.15,121.39,120.62,121.35,49200993,AAPL,0
2017/2/1,127.03,130.49,127.01,128.75,111985040,AAPL,1
2017/2/2,127.98,129.39,127.78,128.53,33710411,AAPL,0
2017/2/3,128.31,129.19,128.16,129.08,24507301,AAPL,0
2017/2/6,129.13,130.5,128.9,130.29,26845924,AAPL,0
2017/2/7,130.54,132.09,130.45,131.53,38183841,AAPL,0
2017/2/8,131.35,132.22,131.22,132.04,23004072,AAPL,0
2017/2/9,131.65,132.44,131.12,132.42,28349859,AAPL,1
2017/2/10,132.46,132.94,132.05,132.12,20065458,AAPL,0
2017/2/13,133.08,133.82,132.75,133.29,23035421,AAPL,0
2017/2/14,133.47,135.09,133.25,135.02,33226223,AAPL,0
2017/2/15,135.52,136.27,134.62,135.51,35623100,AAPL,1
2017/2/16,135.67,135.9,134.84,135.34,22584555,AAPL,0
2017/2/17,135.1,135.83,135.1,135.72,22198197,AAPL,0
2017/2/21,136.23,136.75,135.98,136.7,24507156,AAPL,0
2017/2/22,136.43,137.12,136.11,137.11,20836932,AAPL,1
2017/2/23,137.38,137.48,136.3,136.53,20788186,AAPL,0
2017/2/24,135.91,136.66,135.28,136.66,21776585,AAPL,0
2017/2/27,137.14,137.44,136.28,136.93,20257426,AAPL,0
2017/2/28,137.08,137.44,136.7,136.99,23482860,AAPL,0
2017/3/1,137.89,140.15,137.6,139.79,36414585,AAPL,1
2017/3/2,140,140.28,138.76,138.96,26210984,AAPL,0
2017/3/3,138.78,139.83,138.59,139.78,21571121,AAPL,1
2017/3/6,139.36,139.77,138.6,139.34,21750044,AAPL,0
2017/3/7,139.06,139.98,138.79,139.52,17446297,AAPL,1
2017/3/8,138.95,139.8,138.82,139,18707236,AAPL,1
2017/3/9,138.74,138.79,137.05,138.68,22155904,AAPL,0
2017/3/10,139.25,139.36,138.64,139.14,19612801,AAPL,0
2017/3/13,138.85,139.43,138.82,139.2,17421717,AAPL,1
2017/3/14,139.3,139.65,138.84,138.99,15309065,AAPL,0
2017/3/15,139.41,140.75,139.02,140.46,25691774,AAPL,0
2017/3/16,140.72,141.02,140.26,140.69,19231998,AAPL,1
2017/3/17,141,141,139.89,139.99,43884952,AAPL,0
2017/3/20,140.4,141.5,140.23,141.46,21542038,AAPL,1
2017/3/21,142.11,142.8,139.73,139.84,39529912,AAPL,0
2017/3/22,139.84,141.6,139.76,141.42,25860165,AAPL,1
2017/3/23,141.26,141.58,140.61,140.92,20346301,AAPL,1
2017/3/24,141.5,141.74,140.35,140.64,22395563,AAPL,0
2017/3/27,139.39,141.22,138.62,140.88,23575094,AAPL,0
2017/3/28,140.91,144.04,140.62,143.8,33374805,AAPL,0
2017/3/29,143.68,144.49,143.19,144.12,29189955,AAPL,1
2017/3/30,144.19,144.5,143.5,143.93,21207252,AAPL,1
2017/3/31,143.72,144.27,143.01,143.66,19661651,AAPL,0
2017/4/3,143.71,144.12,143.05,143.7,19985714,AAPL,0
2017/4/4,143.25,144.89,143.17,144.77,19891354,AAPL,1
2017/4/5,144.22,145.46,143.81,144.02,27717854,AAPL,1
2017/4/6,144.29,144.52,143.45,143.66,21149034,AAPL,1
2017/4/7,143.73,144.18,143.27,143.34,16672198,AAPL,1
2017/4/10,143.6,143.88,142.9,143.17,18933397,AAPL,1
2017/4/11,142.94,143.35,140.06,141.63,30379376,AAPL,0
2017/4/12,141.6,142.15,141.01,141.8,20350000,AAPL,1
2017/4/13,141.91,142.38,141.05,141.05,17822880,AAPL,0
2017/4/17,141.48,141.88,140.87,141.83,16582094,AAPL,1
2017/4/18,141.41,142.04,141.11,141.2,14697544,AAPL,1
2017/4/19,141.88,142,140.45,140.68,17328375,AAPL,0
2017/4/20,141.22,142.92,141.16,142.44,23319562,AAPL,1
2017/4/21,142.44,142.68,141.85,142.27,17320928,AAPL,0
2017/4/24,143.5,143.95,143.18,143.64,17134333,AAPL,0
2017/4/25,143.91,144.9,143.87,144.53,18871501,AAPL,1
2017/4/26,144.47,144.6,143.38,143.68,20041241,AAPL,0
2017/4/27,143.92,144.16,143.31,143.79,14246347,AAPL,1
2017/4/28,144.09,144.3,143.27,143.65,20860358,AAPL,0
2017/5/1,145.1,147.2,144.96,146.58,33602943,AAPL,0
2017/5/2,147.54,148.09,146.84,147.51,45352194,AAPL,1
2017/5/3,145.59,147.49,144.27,147.06,45697034,AAPL,1
2017/5/4,146.52,147.14,145.81,146.53,23371872,AAPL,0
2017/5/5,146.76,148.98,146.76,148.96,27327725,AAPL,0
2017/5/8,149.03,153.7,149.03,153.01,48752413,AAPL,0
2017/5/9,153.87,154.88,153.45,153.99,39130363,AAPL,1
2017/5/10,153.63,153.94,152.11,153.26,25805692,AAPL,0
2017/5/11,152.45,154.07,152.31,153.95,27255058,AAPL,0
2017/5/12,154.7,156.42,154.67,156.1,32527017,AAPL,1
2017/5/15,156.01,156.65,155.05,155.7,26009719,AAPL,1
2017/5/16,155.94,156.06,154.72,155.47,20048478,AAPL,1
2017/5/17,153.6,154.57,149.71,150.25,50767678,AAPL,0
2017/5/18,151.27,153.34,151.13,152.54,33568215,AAPL,0
2017/5/19,153.38,153.98,152.63,153.06,26960788,AAPL,0
2017/5/22,154,154.58,152.91,153.99,22966437,AAPL,1
2017/5/23,154.9,154.9,153.31,153.8,19918871,AAPL,1
2017/5/24,153.84,154.17,152.67,153.34,19219154,AAPL,0
2017/5/25,153.73,154.35,153.03,153.87,19235598,AAPL,1
2017/5/26,154,154.24,153.31,153.61,21927637,AAPL,0
2017/5/30,153.42,154.43,153.33,153.67,20126851,AAPL,1
2017/5/31,153.97,154.17,152.38,152.76,24451164,AAPL,0
2017/6/1,153.17,153.33,152.22,153.18,16404088,AAPL,0
2017/6/2,153.58,155.45,152.89,155.45,27770715,AAPL,1
