,date,Pfizer,COVID-19,Vaccines
2018-01-01,,25,0.0,37.0
2018-01-02,,47,0.0,62.0
2018-01-03,,49,0.0,70.0
2018-01-04,,62,0.0,68.0
2018-01-05,,47,0.0,69.0
2018-01-06,,32,0.0,59.0
2018-01-07,,41,2.0,55.0
2018-01-08,,71,0.0,75.0
2018-01-09,,78,0.0,69.0
2018-01-10,,77,0.0,82.0
2018-01-11,,78,0.0,79.0
2018-01-12,,49,0.0,79.0
2018-01-13,,32,0.0,58.0
2018-01-14,,33,0.0,53.0
2018-01-15,,43,0.0,67.0
2018-01-16,,56,1.0,73.0
2018-01-17,,57,0.0,72.0
2018-01-18,,50,0.0,79.0
2018-01-19,,50,1.0,83.0
2018-01-20,,29,0.0,70.0
2018-01-21,,25,0.0,63.0
2018-01-22,,57,0.0,89.0
2018-01-23,,56,0.0,92.0
2018-01-24,,63,0.0,83.0
2018-01-25,,50,0.0,82.0
2018-01-26,,64,1.0,76.0
2018-01-27,,41,0.0,63.0
2018-01-28,,35,0.0,65.0
2018-01-29,,59,0.0,83.0
2018-01-30,,82,0.0,90.0
2018-01-31,,75,0.0,85.0
2018-02-01,,68,2.0,89.0
2018-02-02,,57,0.0,79.0
2018-02-03,,30,0.0,67.0
2018-02-04,,28,0.0,57.0
2018-02-05,,62,0.0,76.0
2018-02-06,,72,0.0,85.0
2018-02-07,,59,0.0,85.0
2018-02-08,,64,2.0,81.0
2018-02-09,,58,0.0,70.0
2018-02-10,,34,0.0,69.0
2018-02-11,,33,2.0,59.0
2018-02-12,,52,0.0,88.0
2018-02-13,,65,0.0,88.0
2018-02-14,,51,0.0,83.0
2018-02-15,,57,0.0,83.0
2018-02-16,,56,0.0,78.0
2018-02-17,,32,0.0,58.0
2018-02-18,,28,0.0,58.0
2018-02-19,,45,0.0,76.0
2018-02-20,,61,0.0,81.0
2018-02-21,,54,0.0,79.0
2018-02-22,,59,1.0,83.0
2018-02-23,,50,1.0,80.0
2018-02-24,,36,0.0,52.0
2018-02-25,,31,1.0,57.0
2018-02-26,,56,0.0,78.0
2018-02-27,,57,0.0,83.0
2018-02-28,,59,0.0,76.0
2018-03-01,,52,0.0,76.0
2018-03-02,,52,0.0,75.0
2018-03-03,,24,0.0,52.0
2018-03-04,,27,0.0,56.0
2018-03-05,,48,0.0,75.0
2018-03-06,,57,1.0,76.0
2018-03-07,,47,0.0,77.0
2018-03-08,,58,2.0,84.0
2018-03-09,,53,0.0,69.0
2018-03-10,,32,2.0,59.0
2018-03-11,,30,0.0,67.0
2018-03-12,,51,0.0,80.0
2018-03-13,,56,0.0,81.0
2018-03-14,,54,0.0,77.0
2018-03-15,,52,0.0,89.0
2018-03-16,,52,0.0,76.0
2018-03-17,,28,1.0,53.0
2018-03-18,,24,0.0,57.0
2018-03-19,,49,0.0,76.0
2018-03-20,,64,0.0,77.0
2018-03-21,,58,0.0,73.0
2018-03-22,,62,0.0,74.0
2018-03-23,,56,1.0,75.0
2018-03-24,,29,0.0,67.0
2018-03-25,,28,0.0,61.0
2018-03-26,,59,0.0,78.0
2018-03-27,,59,0.0,82.0
2018-03-28,,50,0.0,82.0
2018-03-29,,53,0.0,86.0
2018-03-30,,35,0.0,83.0
2018-03-31,,31,0.0,67.0
2018-04-01,,22,0.0,70.0
2018-04-02,,56,0.0,86.0
2018-04-03,,56,0.0,80.0
2018-04-04,,58,1.0,87.0
2018-04-05,,52,3.0,82.0
2018-04-06,,52,0.0,89.0
2018-04-07,,32,0.0,76.0
2018-04-08,,29,0.0,71.0
2018-04-09,,51,0.0,91.0
2018-04-10,,58,0.0,100.0
2018-04-11,,52,1.0,83.0
2018-04-12,,53,0.0,80.0
2018-04-13,,50,0.0,72.0
2018-04-14,,30,0.0,69.0
2018-04-15,,31,1.0,64.0
2018-04-16,,48,0.0,78.0
2018-04-17,,60,0.0,77.0
2018-04-18,,54,0.0,79.0
2018-04-19,,55,0.0,92.0
2018-04-20,,53,0.0,73.0
2018-04-21,,25,0.0,55.0
2018-04-22,,28,6.0,60.0
2018-04-23,,52,0.0,99.0
2018-04-24,,56,0.0,85.0
2018-04-25,,51,0.0,84.0
2018-04-26,,55,0.0,79.0
2018-04-27,,52,0.0,75.0
2018-04-28,,25,0.0,58.0
2018-04-29,,31,0.0,57.0
2018-04-30,,44,1.0,86.0
2018-05-01,,54,0.0,79.0
2018-05-02,,55,0.0,80.0
2018-05-03,,49,0.0,74.0
2018-05-04,,46,1.0,73.0
2018-05-05,,26,0.0,55.0
2018-05-06,,21,0.0,54.0
2018-05-07,,52,0.0,63.0
2018-05-08,,46,2.0,84.0
2018-05-09,,53,0.0,86.0
2018-05-10,,49,0.0,80.0
2018-05-11,,42,2.0,74.0
2018-05-12,,25,0.0,46.0
2018-05-13,,26,0.0,47.0
2018-05-14,,56,0.0,82.0
2018-05-15,,53,0.0,68.0
2018-05-16,,49,1.0,78.0
2018-05-17,,55,0.0,78.0
2018-05-18,,49,0.0,70.0
2018-05-19,,26,0.0,41.0
2018-05-20,,23,0.0,55.0
2018-05-21,,52,0.0,55.0
2018-05-22,,54,2.0,86.0
2018-05-23,,49,0.0,77.0
2018-05-24,,56,1.0,72.0
2018-05-25,,47,0.0,62.0
2018-05-26,,28,0.0,50.0
2018-05-27,,22,0.0,44.0
2018-05-28,,42,1.0,42.0
2018-05-29,,51,0.0,67.0
2018-05-30,,49,0.0,70.0
2018-05-31,,57,0.0,76.0
2018-06-01,,41,0.0,62.0
2018-06-02,,24,3.0,45.0
2018-06-03,,26,0.0,51.0
2018-06-04,,49,0.0,63.0
2018-06-05,,53,0.0,64.0
2018-06-06,,53,2.0,63.0
2018-06-07,,49,0.0,67.0
2018-06-08,,49,0.0,74.0
2018-06-09,,26,0.0,64.0
2018-06-10,,25,2.0,53.0
2018-06-11,,50,0.0,79.0
2018-06-12,,58,0.0,72.0
2018-06-13,,48,1.0,86.0
2018-06-14,,52,0.0,71.0
2018-06-15,,42,0.0,83.0
2018-06-16,,27,0.0,53.0
2018-06-17,,22,0.0,49.0
2018-06-18,,48,0.0,64.0
2018-06-19,,48,0.0,66.0
2018-06-20,,52,0.0,73.0
2018-06-21,,47,0.0,64.0
2018-06-22,,40,0.0,59.0
2018-06-23,,25,0.0,48.0
2018-06-24,,20,0.0,53.0
2018-06-25,,43,0.0,74.0
2018-06-26,,46,0.0,60.0
2018-06-27,,41,0.0,60.0
2018-06-28,,48,0.0,63.0
2018-06-29,,41,0.0,71.0
2018-06-30,,0,0.0,0.0
2018-06-30,,0,0.0,0.0
2018-07-01,,0,0.0,0.0
2018-07-02,,0,0.0,0.0
2018-07-03,,0,0.0,0.0
2018-07-04,,0,0.0,0.0
2018-07-05,,0,0.0,0.0
2018-07-06,,0,0.0,0.0
2018-07-07,,0,0.0,0.0
2018-07-08,,0,0.0,0.0
2018-07-09,,0,0.0,0.0
2018-07-10,,0,0.0,0.0
2018-07-11,,0,0.0,0.0
2018-07-12,,0,0.0,0.0
2018-07-13,,0,0.0,0.0
2018-07-14,,0,0.0,0.0
2018-07-15,,0,0.0,0.0
2018-07-16,,0,0.0,0.0
2018-07-17,,0,0.0,0.0
2018-07-18,,0,0.0,0.0
2018-07-19,,0,0.0,0.0
2018-07-20,,0,0.0,0.0
2018-07-21,,0,0.0,0.0
2018-07-22,,0,0.0,0.0
2018-07-23,,0,0.0,0.0
2018-07-24,,0,0.0,0.0
2018-07-25,,0,0.0,0.0
2018-07-26,,0,0.0,0.0
2018-07-27,,0,0.0,0.0
2018-07-28,,0,0.0,0.0
2018-07-29,,0,0.0,0.0
2018-07-30,,0,0.0,0.0
2018-07-31,,0,0.0,0.0
2018-08-01,,0,0.0,0.0
2018-08-02,,0,0.0,0.0
2018-08-03,,0,0.0,0.0
2018-08-04,,0,0.0,0.0
2018-08-05,,0,0.0,0.0
2018-08-06,,0,0.0,0.0
2018-08-07,,0,0.0,0.0
2018-08-08,,0,0.0,0.0
2018-08-09,,0,0.0,0.0
2018-08-10,,0,0.0,0.0
2018-08-11,,0,0.0,0.0
2018-08-12,,0,0.0,0.0
2018-08-13,,0,0.0,0.0
2018-08-14,,0,0.0,0.0
2018-08-15,,0,0.0,0.0
2018-08-16,,0,0.0,0.0
2018-08-17,,0,0.0,0.0
2018-08-18,,0,0.0,0.0
2018-08-19,,0,0.0,0.0
2018-08-20,,0,0.0,0.0
2018-08-21,,0,0.0,0.0
2018-08-22,,0,0.0,0.0
2018-08-23,,0,0.0,0.0
2018-08-24,,0,0.0,0.0
2018-08-25,,0,0.0,0.0
2018-08-26,,0,0.0,0.0
2018-08-27,,0,0.0,0.0
2018-08-28,,0,0.0,0.0
2018-08-29,,0,0.0,0.0
2018-08-30,,0,0.0,0.0
2018-08-31,,0,0.0,0.0
2018-09-01,,0,0.0,0.0
2018-09-02,,0,0.0,0.0
2018-09-03,,0,0.0,0.0
2018-09-04,,0,0.0,0.0
2018-09-05,,0,0.0,0.0
2018-09-06,,0,0.0,0.0
2018-09-07,,0,0.0,0.0
2018-09-08,,0,0.0,0.0
2018-09-09,,0,0.0,0.0
2018-09-10,,0,0.0,0.0
2018-09-11,,0,0.0,0.0
2018-09-12,,0,0.0,0.0
2018-09-13,,0,0.0,0.0
2018-09-14,,0,0.0,0.0
2018-09-15,,0,0.0,0.0
2018-09-16,,0,0.0,0.0
2018-09-17,,0,0.0,0.0
2018-09-18,,0,0.0,0.0
2018-09-19,,0,0.0,0.0
2018-09-20,,0,0.0,0.0
2018-09-21,,0,0.0,0.0
2018-09-22,,0,0.0,0.0
2018-09-23,,0,0.0,0.0
2018-09-24,,0,0.0,0.0
2018-09-25,,0,0.0,0.0
2018-09-26,,0,0.0,0.0
2018-09-27,,0,0.0,0.0
2018-09-28,,0,0.0,0.0
2018-09-29,,0,0.0,0.0
2018-09-30,,0,0.0,0.0
2018-10-01,,0,0.0,0.0
2018-10-02,,0,0.0,0.0
2018-10-03,,0,0.0,0.0
2018-10-04,,0,0.0,0.0
2018-10-05,,0,0.0,0.0
2018-10-06,,0,0.0,0.0
2018-10-07,,0,0.0,0.0
2018-10-08,,0,0.0,0.0
2018-10-09,,0,0.0,0.0
2018-10-10,,0,0.0,0.0
2018-10-11,,0,0.0,0.0
2018-10-12,,0,0.0,0.0
2018-10-13,,0,0.0,0.0
2018-10-14,,0,0.0,0.0
2018-10-15,,0,0.0,0.0
2018-10-16,,0,0.0,0.0
2018-10-17,,0,0.0,0.0
2018-10-18,,0,0.0,0.0
2018-10-19,,0,0.0,0.0
2018-10-20,,0,0.0,0.0
2018-10-21,,0,0.0,0.0
2018-10-22,,0,0.0,0.0
2018-10-23,,0,0.0,0.0
2018-10-24,,0,0.0,0.0
2018-10-25,,0,0.0,0.0
2018-10-26,,0,0.0,0.0
2018-10-27,,0,0.0,0.0
2018-10-28,,0,0.0,0.0
2018-10-29,,0,0.0,0.0
2018-10-30,,0,0.0,0.0
2018-10-31,,0,0.0,0.0
2018-11-01,,0,0.0,0.0
2018-11-02,,0,0.0,0.0
2018-11-03,,0,0.0,0.0
2018-11-04,,0,0.0,0.0
2018-11-05,,0,0.0,0.0
2018-11-06,,0,0.0,0.0
2018-11-07,,0,0.0,0.0
2018-11-08,,0,0.0,0.0
2018-11-09,,0,0.0,0.0
2018-11-10,,0,0.0,0.0
2018-11-11,,0,0.0,0.0
2018-11-12,,0,0.0,0.0
2018-11-13,,0,0.0,0.0
2018-11-14,,0,0.0,0.0
2018-11-15,,0,0.0,0.0
2018-11-16,,0,0.0,0.0
2018-11-17,,0,0.0,0.0
2018-11-18,,0,0.0,0.0
2018-11-19,,0,0.0,0.0
2018-11-20,,0,0.0,0.0
2018-11-21,,0,0.0,0.0
2018-11-22,,0,0.0,0.0
2018-11-23,,0,0.0,0.0
2018-11-24,,0,0.0,0.0
2018-11-25,,0,0.0,0.0
2018-11-26,,0,0.0,0.0
2018-11-27,,0,0.0,0.0
2018-11-28,,0,0.0,0.0
2018-11-29,,0,0.0,0.0
2018-11-30,,0,0.0,0.0
2018-12-01,,0,0.0,0.0
2018-12-02,,0,0.0,0.0
2018-12-03,,0,0.0,0.0
2018-12-04,,0,0.0,0.0
2018-12-05,,0,0.0,0.0
2018-12-06,,0,0.0,0.0
2018-12-07,,0,0.0,0.0
2018-12-08,,0,0.0,0.0
2018-12-09,,0,0.0,0.0
2018-12-10,,0,0.0,0.0
2018-12-11,,0,0.0,0.0
2018-12-12,,0,0.0,0.0
2018-12-13,,0,0.0,0.0
2018-12-14,,0,0.0,0.0
2018-12-15,,0,0.0,0.0
2018-12-16,,0,0.0,0.0
2018-12-17,,0,0.0,0.0
2018-12-18,,0,0.0,0.0
2018-12-19,,0,0.0,0.0
2018-12-20,,0,0.0,0.0
2018-12-21,,0,0.0,0.0
2018-12-22,,0,0.0,0.0
2018-12-23,,0,0.0,0.0
2018-12-24,,0,0.0,0.0
2018-12-25,,0,0.0,0.0
2018-12-26,,0,0.0,0.0
2018-12-27,,0,0.0,0.0
2018-12-28,,0,0.0,0.0
2018-12-29,,0,0.0,0.0
2018-12-30,,0,0.0,0.0
2018-12-31,,0,0.0,0.0
2019-01-01,,73,0.0,100.0
2019-01-01,,19,0.0,27.0
2019-01-02,,27,0.0,45.0
2019-01-03,,32,0.0,51.0
2019-01-04,,32,0.0,50.0
2019-01-05,,18,0.0,40.0
2019-01-06,,21,0.0,39.0
2019-01-07,,35,0.0,59.0
2019-01-08,,48,0.0,54.0
2019-01-09,,45,0.0,56.0
2019-01-10,,36,0.0,57.0
2019-01-11,,39,1.0,47.0
2019-01-12,,20,0.0,40.0
2019-01-13,,19,0.0,42.0
2019-01-14,,39,0.0,50.0
2019-01-15,,34,0.0,50.0
2019-01-16,,38,0.0,52.0
2019-01-17,,38,0.0,62.0
2019-01-18,,32,0.0,49.0
2019-01-19,,19,0.0,47.0
2019-01-20,,18,0.0,35.0
2019-01-21,,28,0.0,43.0
2019-01-22,,34,1.0,57.0
2019-01-23,,32,0.0,58.0
2019-01-24,,34,0.0,68.0
2019-01-25,,33,0.0,57.0
2019-01-26,,20,0.0,50.0
2019-01-27,,20,0.0,57.0
2019-01-28,,37,0.0,68.0
2019-01-29,,41,0.0,76.0
2019-01-30,,38,0.0,77.0
2019-01-31,,32,0.0,82.0
2019-02-01,,35,0.0,73.0
2019-02-02,,18,2.0,56.0
2019-02-03,,19,0.0,52.0
2019-02-04,,36,0.0,62.0
2019-02-05,,35,0.0,70.0
2019-02-06,,36,1.0,69.0
2019-02-07,,31,0.0,76.0
2019-02-08,,36,0.0,66.0
2019-02-09,,20,0.0,57.0
2019-02-10,,15,0.0,63.0
2019-02-11,,32,0.0,73.0
2019-02-12,,35,0.0,72.0
2019-02-13,,36,0.0,73.0
2019-02-14,,30,0.0,66.0
2019-02-15,,30,1.0,68.0
2019-02-16,,21,0.0,53.0
2019-02-17,,17,0.0,46.0
2019-02-18,,28,0.0,63.0
2019-02-19,,34,0.0,66.0
2019-02-20,,42,0.0,68.0
2019-02-21,,37,0.0,66.0
2019-02-22,,34,0.0,62.0
2019-02-23,,19,1.0,52.0
2019-02-24,,16,0.0,50.0
2019-02-25,,34,1.0,73.0
2019-02-26,,34,0.0,73.0
2019-02-27,,36,0.0,72.0
2019-02-28,,36,0.0,71.0
2019-03-01,,34,0.0,69.0
2019-03-02,,18,0.0,57.0
2019-03-03,,16,0.0,50.0
2019-03-04,,31,1.0,66.0
2019-03-05,,37,1.0,100.0
2019-03-06,,35,0.0,94.0
2019-03-07,,28,0.0,83.0
2019-03-08,,28,0.0,81.0
2019-03-09,,20,1.0,70.0
2019-03-10,,20,1.0,65.0
2019-03-11,,33,0.0,86.0
2019-03-12,,34,0.0,72.0
2019-03-13,,33,0.0,79.0
2019-03-14,,34,1.0,75.0
2019-03-15,,32,0.0,64.0
2019-03-16,,17,0.0,47.0
2019-03-17,,19,0.0,44.0
2019-03-18,,33,0.0,62.0
2019-03-19,,33,0.0,74.0
2019-03-20,,33,0.0,65.0
2019-03-21,,39,0.0,64.0
2019-03-22,,33,0.0,58.0
2019-03-23,,17,0.0,46.0
2019-03-24,,17,1.0,47.0
2019-03-25,,29,0.0,61.0
2019-03-26,,35,0.0,66.0
2019-03-27,,36,0.0,80.0
2019-03-28,,33,1.0,76.0
2019-03-29,,36,1.0,66.0
2019-03-30,,19,0.0,51.0
2019-03-31,,16,0.0,49.0
2019-04-01,,30,1.0,67.0
2019-04-02,,32,0.0,68.0
2019-04-03,,34,0.0,74.0
2019-04-04,,34,0.0,65.0
2019-04-05,,34,0.0,59.0
2019-04-06,,18,0.0,44.0
2019-04-07,,15,0.0,51.0
2019-04-08,,33,0.0,64.0
2019-04-09,,33,1.0,79.0
2019-04-10,,31,0.0,75.0
2019-04-11,,31,0.0,72.0
2019-04-12,,30,0.0,66.0
2019-04-13,,20,0.0,40.0
2019-04-14,,14,0.0,47.0
2019-04-15,,31,0.0,66.0
2019-04-16,,34,0.0,69.0
2019-04-17,,37,0.0,73.0
2019-04-18,,37,0.0,66.0
2019-04-19,,26,0.0,64.0
2019-04-20,,17,0.0,41.0
2019-04-21,,16,1.0,40.0
2019-04-22,,30,0.0,58.0
2019-04-23,,30,0.0,70.0
2019-04-24,,31,0.0,74.0
2019-04-25,,35,0.0,87.0
2019-04-26,,30,1.0,83.0
2019-04-27,,19,1.0,60.0
2019-04-28,,16,0.0,55.0
2019-04-29,,30,0.0,76.0
2019-04-30,,43,0.0,82.0
2019-05-01,,32,1.0,83.0
2019-05-02,,32,0.0,83.0
2019-05-03,,29,0.0,70.0
2019-05-04,,17,0.0,51.0
2019-05-05,,17,0.0,52.0
2019-05-06,,28,0.0,62.0
2019-05-07,,34,0.0,66.0
2019-05-08,,35,0.0,71.0
2019-05-09,,34,0.0,75.0
2019-05-10,,30,0.0,59.0
2019-05-11,,18,0.0,46.0
2019-05-12,,15,0.0,44.0
2019-05-13,,30,1.0,68.0
2019-05-14,,38,0.0,67.0
2019-05-15,,30,0.0,69.0
2019-05-16,,32,0.0,64.0
2019-05-17,,33,0.0,62.0
2019-05-18,,14,0.0,39.0
2019-05-19,,15,0.0,36.0
2019-05-20,,30,0.0,53.0
2019-05-21,,32,1.0,63.0
2019-05-22,,36,0.0,58.0
2019-05-23,,29,0.0,61.0
2019-05-24,,29,0.0,50.0
2019-05-25,,18,0.0,42.0
2019-05-26,,15,0.0,41.0
2019-05-27,,23,0.0,40.0
2019-05-28,,33,0.0,58.0
2019-05-29,,34,1.0,61.0
2019-05-30,,38,0.0,60.0
2019-05-31,,28,0.0,52.0
2019-06-01,,18,0.0,40.0
2019-06-02,,17,0.0,41.0
2019-06-03,,31,0.0,55.0
2019-06-04,,33,0.0,53.0
2019-06-05,,53,1.0,53.0
2019-06-06,,62,0.0,59.0
2019-06-07,,51,0.0,51.0
2019-06-08,,27,0.0,43.0
2019-06-09,,22,1.0,38.0
2019-06-10,,33,1.0,48.0
2019-06-11,,38,1.0,50.0
2019-06-12,,37,1.0,55.0
2019-06-13,,32,0.0,65.0
2019-06-14,,34,0.0,60.0
2019-06-15,,17,0.0,41.0
2019-06-16,,15,0.0,40.0
2019-06-17,,47,0.0,57.0
2019-06-18,,39,0.0,56.0
2019-06-19,,36,0.0,56.0
2019-06-20,,42,1.0,55.0
2019-06-21,,31,0.0,52.0
2019-06-22,,17,0.0,37.0
2019-06-23,,17,0.0,42.0
2019-06-24,,33,0.0,53.0
2019-06-25,,32,0.0,48.0
2019-06-26,,35,0.0,52.0
2019-06-27,,34,0.0,51.0
2019-06-28,,33,0.0,51.0
2019-06-29,,14,0.0,39.0
2019-06-30,,14,0.0,41.0
2019-06-30,,18,0.0,50.0
2019-07-01,,41,1.0,55.0
2019-07-02,,48,0.0,58.0
2019-07-03,,44,0.0,56.0
2019-07-04,,26,0.0,43.0
2019-07-05,,26,0.0,50.0
2019-07-06,,19,0.0,36.0
2019-07-07,,17,2.0,41.0
2019-07-08,,38,0.0,56.0
2019-07-09,,37,0.0,62.0
2019-07-10,,42,0.0,63.0
2019-07-11,,48,0.0,60.0
2019-07-12,,36,0.0,53.0
2019-07-13,,22,0.0,46.0
2019-07-14,,20,1.0,39.0
2019-07-15,,40,0.0,60.0
2019-07-16,,38,0.0,57.0
2019-07-17,,42,0.0,57.0
2019-07-18,,41,0.0,56.0
2019-07-19,,37,0.0,54.0
2019-07-20,,24,0.0,43.0
2019-07-21,,19,1.0,41.0
2019-07-22,,34,0.0,61.0
2019-07-23,,43,0.0,57.0
2019-07-24,,39,1.0,56.0
2019-07-25,,36,0.0,55.0
2019-07-26,,35,1.0,52.0
2019-07-27,,28,0.0,39.0
2019-07-28,,30,0.0,35.0
2019-07-29,,100,0.0,56.0
2019-07-30,,82,0.0,65.0
2019-07-31,,56,0.0,68.0
2019-08-01,,46,0.0,56.0
2019-08-02,,43,1.0,48.0
2019-08-03,,28,0.0,37.0
2019-08-04,,23,0.0,44.0
2019-08-05,,41,1.0,59.0
2019-08-06,,43,0.0,58.0
2019-08-07,,37,0.0,56.0
2019-08-08,,40,0.0,52.0
2019-08-09,,36,0.0,51.0
2019-08-10,,20,0.0,46.0
2019-08-11,,22,0.0,34.0
2019-08-12,,38,1.0,61.0
2019-08-13,,47,0.0,63.0
2019-08-14,,41,0.0,58.0
2019-08-15,,37,0.0,65.0
2019-08-16,,37,0.0,54.0
2019-08-17,,22,0.0,41.0
2019-08-18,,20,1.0,46.0
2019-08-19,,43,0.0,59.0
2019-08-20,,43,0.0,65.0
2019-08-21,,49,0.0,65.0
2019-08-22,,43,0.0,64.0
2019-08-23,,37,0.0,51.0
2019-08-24,,23,0.0,47.0
2019-08-25,,20,0.0,43.0
2019-08-26,,40,0.0,58.0
2019-08-27,,39,1.0,60.0
2019-08-28,,43,0.0,63.0
2019-08-29,,44,0.0,67.0
2019-08-30,,38,0.0,57.0
2019-08-31,,19,0.0,48.0
2019-09-01,,15,1.0,38.0
2019-09-02,,30,0.0,46.0
2019-09-03,,38,1.0,63.0
2019-09-04,,44,1.0,64.0
2019-09-05,,40,0.0,65.0
2019-09-06,,43,0.0,65.0
2019-09-07,,18,0.0,46.0
2019-09-08,,22,0.0,46.0
2019-09-09,,43,1.0,64.0
2019-09-10,,45,0.0,76.0
2019-09-11,,42,0.0,64.0
2019-09-12,,53,0.0,69.0
2019-09-13,,41,0.0,65.0
2019-09-14,,22,0.0,51.0
2019-09-15,,22,1.0,46.0
2019-09-16,,39,0.0,61.0
2019-09-17,,45,0.0,74.0
2019-09-18,,45,0.0,67.0
2019-09-19,,42,0.0,69.0
2019-09-20,,39,0.0,71.0
2019-09-21,,24,0.0,47.0
2019-09-22,,24,0.0,54.0
2019-09-23,,44,0.0,73.0
2019-09-24,,40,0.0,71.0
2019-09-25,,43,0.0,72.0
2019-09-26,,43,1.0,81.0
2019-09-27,,38,0.0,63.0
2019-09-28,,24,0.0,51.0
2019-09-29,,22,0.0,51.0
2019-09-30,,35,0.0,71.0
2019-10-01,,38,0.0,69.0
2019-10-02,,41,0.0,76.0
2019-10-03,,45,0.0,73.0
2019-10-04,,39,0.0,70.0
2019-10-05,,25,0.0,45.0
2019-10-06,,19,0.0,48.0
2019-10-07,,34,0.0,69.0
2019-10-08,,42,0.0,72.0
2019-10-09,,44,0.0,75.0
2019-10-10,,41,0.0,69.0
2019-10-11,,34,0.0,66.0
2019-10-12,,24,0.0,49.0
2019-10-13,,20,0.0,49.0
2019-10-14,,37,0.0,70.0
2019-10-15,,42,0.0,73.0
2019-10-16,,46,0.0,71.0
2019-10-17,,41,0.0,73.0
2019-10-18,,43,0.0,69.0
2019-10-19,,21,0.0,50.0
2019-10-20,,23,0.0,48.0
2019-10-21,,37,0.0,71.0
2019-10-22,,46,0.0,78.0
2019-10-23,,44,0.0,79.0
2019-10-24,,41,0.0,72.0
2019-10-25,,41,0.0,65.0
2019-10-26,,22,2.0,44.0
2019-10-27,,21,1.0,40.0
2019-10-28,,36,0.0,69.0
2019-10-29,,53,0.0,71.0
2019-10-30,,43,0.0,60.0
2019-10-31,,39,1.0,62.0
2019-11-01,,38,1.0,62.0
2019-11-02,,24,0.0,50.0
2019-11-03,,20,0.0,51.0
2019-11-04,,39,1.0,71.0
2019-11-05,,41,0.0,71.0
2019-11-06,,42,0.0,69.0
2019-11-07,,40,0.0,75.0
2019-11-08,,40,0.0,63.0
2019-11-09,,25,0.0,48.0
2019-11-10,,18,0.0,47.0
2019-11-11,,39,0.0,61.0
2019-11-12,,40,0.0,76.0
2019-11-13,,46,0.0,71.0
2019-11-14,,44,0.0,71.0
2019-11-15,,39,1.0,68.0
2019-11-16,,24,0.0,52.0
2019-11-17,,23,0.0,44.0
2019-11-18,,41,0.0,77.0
2019-11-19,,42,1.0,77.0
2019-11-20,,51,0.0,76.0
2019-11-21,,44,0.0,74.0
2019-11-22,,38,0.0,63.0
2019-11-23,,24,0.0,43.0
2019-11-24,,20,1.0,49.0
2019-11-25,,40,0.0,58.0
2019-11-26,,45,0.0,66.0
2019-11-27,,37,0.0,56.0
2019-11-28,,32,0.0,44.0
2019-11-29,,31,1.0,44.0
2019-11-30,,25,0.0,45.0
2019-12-01,,21,0.0,50.0
2019-12-02,,41,0.0,63.0
2019-12-03,,46,0.0,64.0
2019-12-04,,45,0.0,66.0
2019-12-05,,37,0.0,68.0
2019-12-06,,39,0.0,67.0
2019-12-07,,27,0.0,55.0
2019-12-08,,18,0.0,48.0
2019-12-09,,37,0.0,66.0
2019-12-10,,36,0.0,65.0
2019-12-11,,41,0.0,69.0
2019-12-12,,38,1.0,57.0
2019-12-13,,39,0.0,59.0
2019-12-14,,21,0.0,44.0
2019-12-15,,18,0.0,39.0
2019-12-16,,40,0.0,60.0
2019-12-17,,43,0.0,68.0
2019-12-18,,34,0.0,58.0
2019-12-19,,37,0.0,53.0
2019-12-20,,39,1.0,47.0
2019-12-21,,20,0.0,36.0
2019-12-22,,17,0.0,33.0
2019-12-23,,30,0.0,44.0
2019-12-24,,25,0.0,40.0
2019-12-25,,20,1.0,25.0
2019-12-26,,26,0.0,37.0
2019-12-27,,30,0.0,42.0
2019-12-28,,22,0.0,43.0
2019-12-29,,17,0.0,41.0
2019-12-30,,30,0.0,50.0
2019-12-31,,26,0.0,50.0
2020-01-01,,24,0.0,34.0
2020-01-01,,0,0.0,1.0
2020-01-02,,1,0.0,1.0
2020-01-03,,0,0.0,1.0
2020-01-04,,0,0.0,1.0
2020-01-05,,0,0.0,1.0
2020-01-06,,1,0.0,1.0
2020-01-07,,1,0.0,1.0
2020-01-08,,1,0.0,1.0
2020-01-09,,1,0.0,1.0
2020-01-10,,1,0.0,1.0
2020-01-11,,0,0.0,1.0
2020-01-12,,0,0.0,1.0
2020-01-13,,1,0.0,1.0
2020-01-14,,1,0.0,1.0
2020-01-15,,1,0.0,1.0
2020-01-16,,1,0.0,1.0
2020-01-17,,1,0.0,1.0
2020-01-18,,0,0.0,1.0
2020-01-19,,0,0.0,1.0
2020-01-20,,1,0.0,1.0
2020-01-21,,1,0.0,1.0
2020-01-22,,1,0.0,1.0
2020-01-23,,1,0.0,1.0
2020-01-24,,1,0.0,1.0
2020-01-25,,0,0.0,1.0
2020-01-26,,0,0.0,1.0
2020-01-27,,1,0.0,1.0
2020-01-28,,1,0.0,1.0
2020-01-29,,1,0.0,1.0
2020-01-30,,1,0.0,1.0
2020-01-31,,1,0.0,1.0
2020-02-01,,0,0.0,1.0
2020-02-02,,0,0.0,1.0
2020-02-03,,1,0.0,1.0
2020-02-04,,1,0.0,1.0
2020-02-05,,1,0.0,1.0
2020-02-06,,1,0.0,1.0
2020-02-07,,1,0.0,1.0
2020-02-08,,0,0.0,1.0
2020-02-09,,0,0.0,1.0
2020-02-10,,1,0.0,1.0
2020-02-11,,1,1.0,1.0
2020-02-12,,1,2.0,1.0
2020-02-13,,1,2.0,1.0
2020-02-14,,1,2.0,1.0
2020-02-15,,0,2.0,1.0
2020-02-16,,0,2.0,1.0
2020-02-17,,1,2.0,1.0
2020-02-18,,1,2.0,1.0
2020-02-19,,1,2.0,1.0
2020-02-20,,1,2.0,1.0
2020-02-21,,1,2.0,1.0
2020-02-22,,0,2.0,1.0
2020-02-23,,0,3.0,1.0
2020-02-24,,1,4.0,1.0
2020-02-25,,1,5.0,1.0
2020-02-26,,1,6.0,1.0
2020-02-27,,1,6.0,1.0
2020-02-28,,1,7.0,1.0
2020-02-29,,0,5.0,1.0
2020-03-01,,0,5.0,1.0
2020-03-02,,1,8.0,1.0
2020-03-03,,1,7.0,1.0
2020-03-04,,1,8.0,1.0
2020-03-05,,1,10.0,1.0
2020-03-06,,1,11.0,1.0
2020-03-07,,0,10.0,1.0
2020-03-08,,0,10.0,1.0
2020-03-09,,1,18.0,1.0
2020-03-10,,1,21.0,1.0
2020-03-11,,1,27.0,2.0
2020-03-12,,1,47.0,2.0
2020-03-13,,1,52.0,2.0
2020-03-14,,1,47.0,2.0
2020-03-15,,1,52.0,2.0
2020-03-16,,1,76.0,2.0
2020-03-17,,1,71.0,2.0
2020-03-18,,1,72.0,2.0
2020-03-19,,1,72.0,2.0
2020-03-20,,1,77.0,2.0
2020-03-21,,1,69.0,2.0
2020-03-22,,0,71.0,2.0
2020-03-23,,1,83.0,2.0
2020-03-24,,1,79.0,2.0
2020-03-25,,1,84.0,1.0
2020-03-26,,1,95.0,2.0
2020-03-27,,1,100.0,1.0
2020-03-28,,0,84.0,1.0
2020-03-29,,0,78.0,2.0
2020-03-30,,1,82.0,2.0
2020-03-31,,1,78.0,2.0
2020-04-01,,1,81.0,2.0
2020-04-02,,1,82.0,2.0
2020-04-03,,1,82.0,2.0
2020-04-04,,0,76.0,2.0
2020-04-05,,0,71.0,2.0
2020-04-06,,1,80.0,2.0
2020-04-07,,1,74.0,2.0
2020-04-08,,1,69.0,2.0
2020-04-09,,1,69.0,2.0
2020-04-10,,1,66.0,2.0
2020-04-11,,1,61.0,2.0
2020-04-12,,0,57.0,2.0
2020-04-13,,1,65.0,2.0
2020-04-14,,1,60.0,2.0
2020-04-15,,1,59.0,2.0
2020-04-16,,1,59.0,2.0
2020-04-17,,1,53.0,2.0
2020-04-18,,0,51.0,2.0
2020-04-19,,0,50.0,2.0
2020-04-20,,1,52.0,2.0
2020-04-21,,1,50.0,2.0
2020-04-22,,1,51.0,2.0
2020-04-23,,1,54.0,2.0
2020-04-24,,1,49.0,2.0
2020-04-25,,0,45.0,2.0
2020-04-26,,0,44.0,2.0
2020-04-27,,1,46.0,2.0
2020-04-28,,1,48.0,2.0
2020-04-29,,2,46.0,2.0
2020-04-30,,2,46.0,2.0
2020-05-01,,1,47.0,2.0
2020-05-02,,1,41.0,2.0
2020-05-03,,1,43.0,2.0
2020-05-04,,1,47.0,2.0
2020-05-05,,2,45.0,2.0
2020-05-06,,2,43.0,2.0
2020-05-07,,1,44.0,2.0
2020-05-08,,1,45.0,2.0
2020-05-09,,1,49.0,2.0
2020-05-10,,1,44.0,2.0
2020-05-11,,1,48.0,2.0
2020-05-12,,1,49.0,2.0
2020-05-13,,1,44.0,2.0
2020-05-14,,1,46.0,2.0
2020-05-15,,1,42.0,2.0
2020-05-16,,1,39.0,2.0
2020-05-17,,1,41.0,2.0
2020-05-18,,1,45.0,2.0
2020-05-19,,1,41.0,2.0
2020-05-20,,1,40.0,2.0
2020-05-21,,1,42.0,2.0
2020-05-22,,1,40.0,2.0
2020-05-23,,0,36.0,2.0
2020-05-24,,0,36.0,1.0
2020-05-25,,1,36.0,1.0
2020-05-26,,1,38.0,1.0
2020-05-27,,1,38.0,1.0
2020-05-28,,1,39.0,1.0
2020-05-29,,1,37.0,1.0
2020-05-30,,1,33.0,1.0
2020-05-31,,1,35.0,1.0
2020-06-01,,1,37.0,1.0
2020-06-02,,1,36.0,1.0
2020-06-03,,1,37.0,1.0
2020-06-04,,1,40.0,1.0
2020-06-05,,1,38.0,1.0
2020-06-06,,0,36.0,1.0
2020-06-07,,0,37.0,1.0
2020-06-08,,1,40.0,1.0
2020-06-09,,1,41.0,1.0
2020-06-10,,1,42.0,1.0
2020-06-11,,1,42.0,2.0
2020-06-12,,1,42.0,1.0
2020-06-13,,1,40.0,1.0
2020-06-14,,1,39.0,1.0
2020-06-15,,1,42.0,1.0
2020-06-16,,1,42.0,1.0
2020-06-17,,1,44.0,1.0
2020-06-18,,1,43.0,1.0
2020-06-19,,1,47.0,1.0
2020-06-20,,0,47.0,1.0
2020-06-21,,0,43.0,1.0
2020-06-22,,1,45.0,1.0
2020-06-23,,1,41.0,1.0
2020-06-24,,1,42.0,1.0
2020-06-25,,1,42.0,1.0
2020-06-26,,1,42.0,1.0
2020-06-27,,0,38.0,1.0
2020-06-28,,0,38.0,1.0
2020-06-29,,1,41.0,1.0
2020-06-30,,1,39.0,1.0
2020-06-30,,0,10.0,0.0
2020-07-01,,1,10.0,0.0
2020-07-02,,1,11.0,0.0
2020-07-03,,0,10.0,0.0
2020-07-04,,0,10.0,0.0
2020-07-05,,0,10.0,0.0
2020-07-06,,0,11.0,0.0
2020-07-07,,0,10.0,0.0
2020-07-08,,0,11.0,0.0
2020-07-09,,0,11.0,0.0
2020-07-10,,0,11.0,0.0
2020-07-11,,0,10.0,0.0
2020-07-12,,0,11.0,0.0
2020-07-13,,1,11.0,0.0
2020-07-14,,0,12.0,0.0
2020-07-15,,0,11.0,1.0
2020-07-16,,0,11.0,0.0
2020-07-17,,0,11.0,0.0
2020-07-18,,0,11.0,0.0
2020-07-19,,0,11.0,0.0
2020-07-20,,0,12.0,1.0
2020-07-21,,0,11.0,0.0
2020-07-22,,2,11.0,0.0
2020-07-23,,1,10.0,0.0
2020-07-24,,1,11.0,0.0
2020-07-25,,0,10.0,0.0
2020-07-26,,0,10.0,0.0
2020-07-27,,1,10.0,0.0
2020-07-28,,1,12.0,0.0
2020-07-29,,1,10.0,0.0
2020-07-30,,1,11.0,0.0
2020-07-31,,0,11.0,0.0
2020-08-01,,0,10.0,0.0
2020-08-02,,0,9.0,0.0
2020-08-03,,0,10.0,0.0
2020-08-04,,0,12.0,0.0
2020-08-05,,0,100.0,0.0
2020-08-06,,0,24.0,0.0
2020-08-07,,0,10.0,0.0
2020-08-08,,0,10.0,0.0
2020-08-09,,0,9.0,0.0
2020-08-10,,0,10.0,0.0
2020-08-11,,0,10.0,1.0
2020-08-12,,0,10.0,0.0
2020-08-13,,0,9.0,0.0
2020-08-14,,0,9.0,0.0
2020-08-15,,0,8.0,0.0
2020-08-16,,0,8.0,0.0
2020-08-17,,0,9.0,0.0
2020-08-18,,0,8.0,0.0
2020-08-19,,0,8.0,0.0
2020-08-20,,0,8.0,0.0
2020-08-21,,0,7.0,0.0
2020-08-22,,0,8.0,0.0
2020-08-23,,0,7.0,0.0
2020-08-24,,0,8.0,0.0
2020-08-25,,0,7.0,0.0
2020-08-26,,0,8.0,0.0
2020-08-27,,0,8.0,0.0
2020-08-28,,0,7.0,0.0
2020-08-29,,0,7.0,0.0
2020-08-30,,0,8.0,0.0
2020-08-31,,0,8.0,0.0
2020-09-01,,0,8.0,0.0
2020-09-02,,0,8.0,0.0
2020-09-03,,0,8.0,0.0
2020-09-04,,0,8.0,0.0
2020-09-05,,0,7.0,0.0
2020-09-06,,0,7.0,0.0
2020-09-07,,0,8.0,0.0
2020-09-08,,0,8.0,0.0
2020-09-09,,0,8.0,0.0
2020-09-10,,0,7.0,0.0
2020-09-11,,0,7.0,0.0
2020-09-12,,0,7.0,0.0
2020-09-13,,0,7.0,0.0
2020-09-14,,1,7.0,0.0
2020-09-15,,0,8.0,0.0
2020-09-16,,0,26.0,0.0
2020-09-17,,0,20.0,0.0
2020-09-18,,0,8.0,0.0
2020-09-19,,0,7.0,0.0
2020-09-20,,0,7.0,0.0
2020-09-21,,0,8.0,0.0
2020-09-22,,0,8.0,0.0
2020-09-23,,0,8.0,0.0
2020-09-24,,0,8.0,0.0
2020-09-25,,0,7.0,0.0
2020-09-26,,0,7.0,0.0
2020-09-27,,0,7.0,0.0
2020-09-28,,0,7.0,0.0
2020-09-29,,0,7.0,0.0
2020-09-30,,0,7.0,0.0
2020-10-01,,0,7.0,0.0
2020-10-02,,0,7.0,0.0
2020-10-03,,0,5.0,0.0
2020-10-04,,0,5.0,0.0
2020-10-05,,0,6.0,0.0
2020-10-06,,0,6.0,0.0
2020-10-07,,0,6.0,0.0
2020-10-08,,0,6.0,0.0
2020-10-09,,0,5.0,0.0
2020-10-10,,0,5.0,0.0
2020-10-11,,0,5.0,0.0
2020-10-12,,0,6.0,0.0
2020-10-13,,0,5.0,0.0
2020-10-14,,0,6.0,0.0
2020-10-15,,0,6.0,0.0
2020-10-16,,1,5.0,0.0
2020-10-17,,0,5.0,0.0
2020-10-18,,0,5.0,0.0
2020-10-19,,1,6.0,0.0
2020-10-20,,0,6.0,0.0
2020-10-21,,0,6.0,0.0
2020-10-22,,0,6.0,0.0
2020-10-23,,0,5.0,0.0
2020-10-24,,0,5.0,0.0
2020-10-25,,0,5.0,0.0
2020-10-26,,0,6.0,0.0
2020-10-27,,0,6.0,0.0
2020-10-28,,0,6.0,0.0
2020-10-29,,0,6.0,0.0
2020-10-30,,0,6.0,0.0
2020-10-31,,0,5.0,0.0
2020-11-01,,0,5.0,0.0
2020-11-02,,0,6.0,0.0
2020-11-03,,0,5.0,0.0
2020-11-04,,0,5.0,0.0
2020-11-05,,0,5.0,0.0
2020-11-06,,0,5.0,0.0
2020-11-07,,0,4.0,0.0
2020-11-08,,0,4.0,0.0
2020-11-09,,20,6.0,1.0
2020-11-10,,13,6.0,1.0
2020-11-11,,6,6.0,0.0
2020-11-12,,4,6.0,1.0
2020-11-13,,3,6.0,0.0
2020-11-14,,2,5.0,0.0
2020-11-15,,2,5.0,0.0
2020-11-16,,3,6.0,1.0
2020-11-17,,2,6.0,1.0
2020-11-18,,4,6.0,1.0
2020-11-19,,2,6.0,1.0
2020-11-20,,2,6.0,1.0
2020-11-21,,2,5.0,0.0
2020-11-22,,1,5.0,0.0
2020-11-23,,2,6.0,1.0
2020-11-24,,2,5.0,1.0
2020-11-25,,1,6.0,1.0
2020-11-26,,1,5.0,0.0
2020-11-27,,1,5.0,0.0
2020-11-28,,1,4.0,0.0
2020-11-29,,1,4.0,0.0
2020-11-30,,2,5.0,1.0
2020-12-01,,2,5.0,1.0
2020-12-02,,6,5.0,1.0
2020-12-03,,4,5.0,1.0
2020-12-04,,3,5.0,1.0
2020-12-05,,2,5.0,1.0
2020-12-06,,2,4.0,1.0
2020-12-07,,2,5.0,1.0
2020-12-08,,5,5.0,1.0
2020-12-09,,6,6.0,1.0
2020-12-10,,5,5.0,1.0
2020-12-11,,5,5.0,1.0
2020-12-12,,5,5.0,1.0
2020-12-13,,3,5.0,1.0
2020-12-14,,5,5.0,1.0
2020-12-15,,4,6.0,1.0
2020-12-16,,4,5.0,1.0
2020-12-17,,4,5.0,1.0
2020-12-18,,4,5.0,1.0
2020-12-19,,3,5.0,1.0
2020-12-20,,2,5.0,1.0
2020-12-21,,4,6.0,1.0
2020-12-22,,3,5.0,1.0
2020-12-23,,3,6.0,1.0
2020-12-24,,2,4.0,1.0
2020-12-25,,2,4.0,1.0
2020-12-26,,2,4.0,1.0
2020-12-27,,3,4.0,1.0
2020-12-28,,3,5.0,1.0
2020-12-29,,3,5.0,1.0
2020-12-30,,3,6.0,2.0
2020-12-31,,2,5.0,1.0
2021-01-01,,2,5.0,1.0
2021-01-01,,3,6.0,2.0
2021-01-02,,3,6.0,2.0
2021-01-03,,3,7.0,2.0
2021-01-04,,3,8.0,3.0
2021-01-05,,4,8.0,2.0
2021-01-06,,4,7.0,2.0
2021-01-07,,4,7.0,2.0
2021-01-08,,5,7.0,2.0
2021-01-09,,3,6.0,2.0
2021-01-10,,3,6.0,2.0
2021-01-11,,4,7.0,2.0
2021-01-12,,4,8.0,2.0
2021-01-13,,4,8.0,3.0
2021-01-14,,5,8.0,3.0
2021-01-15,,5,8.0,3.0
2021-01-16,,6,7.0,3.0
2021-01-17,,5,6.0,2.0
2021-01-18,,5,7.0,3.0
2021-01-19,,5,8.0,3.0
2021-01-20,,5,8.0,2.0
2021-01-21,,5,7.0,3.0
2021-01-22,,4,7.0,3.0
2021-01-23,,3,6.0,2.0
2021-01-24,,3,6.0,2.0
2021-01-25,,4,7.0,3.0
2021-01-26,,4,7.0,3.0
2021-01-27,,4,7.0,3.0
2021-01-28,,4,7.0,3.0
2021-01-29,,4,7.0,3.0
2021-01-30,,3,6.0,3.0
2021-01-31,,3,6.0,2.0
2021-02-01,,3,7.0,3.0
2021-02-02,,4,7.0,3.0
2021-02-03,,4,8.0,3.0
2021-02-04,,4,8.0,3.0
2021-02-05,,3,7.0,2.0
2021-02-06,,3,6.0,2.0
2021-02-07,,3,6.0,2.0
2021-02-08,,3,8.0,2.0
2021-02-09,,3,7.0,2.0
2021-02-10,,3,7.0,3.0
2021-02-11,,3,7.0,2.0
2021-02-12,,3,7.0,3.0
2021-02-13,,3,6.0,2.0
2021-02-14,,3,6.0,2.0
2021-02-15,,3,7.0,2.0
2021-02-16,,3,7.0,2.0
2021-02-17,,3,7.0,2.0
2021-02-18,,4,7.0,2.0
2021-02-19,,4,7.0,2.0
2021-02-20,,3,6.0,2.0
2021-02-21,,3,6.0,2.0
2021-02-22,,4,8.0,2.0
2021-02-23,,4,8.0,2.0
2021-02-24,,4,7.0,2.0
2021-02-25,,5,7.0,3.0
2021-02-26,,5,7.0,3.0
2021-02-27,,4,6.0,2.0
2021-02-28,,3,7.0,2.0
2021-03-01,,4,8.0,3.0
2021-03-02,,4,8.0,3.0
2021-03-03,,5,8.0,3.0
2021-03-04,,5,8.0,3.0
2021-03-05,,5,7.0,3.0
2021-03-06,,4,7.0,3.0
2021-03-07,,4,7.0,3.0
2021-03-08,,4,8.0,3.0
2021-03-09,,5,8.0,3.0
2021-03-10,,5,8.0,3.0
2021-03-11,,7,8.0,3.0
2021-03-12,,7,8.0,3.0
2021-03-13,,6,7.0,3.0
2021-03-14,,5,6.0,3.0
2021-03-15,,7,7.0,3.0
2021-03-16,,7,8.0,3.0
2021-03-17,,6,8.0,3.0
2021-03-18,,7,8.0,3.0
2021-03-19,,6,8.0,3.0
2021-03-20,,5,7.0,2.0
2021-03-21,,5,7.0,3.0
2021-03-22,,6,8.0,3.0
2021-03-23,,6,9.0,3.0
2021-03-24,,7,8.0,3.0
2021-03-25,,7,9.0,3.0
2021-03-26,,7,8.0,3.0
2021-03-27,,6,7.0,2.0
2021-03-28,,5,7.0,2.0
2021-03-29,,6,9.0,3.0
2021-03-30,,7,9.0,3.0
2021-03-31,,8,8.0,3.0
2021-04-01,,9,8.0,3.0
2021-04-02,,8,9.0,3.0
2021-04-03,,6,8.0,2.0
2021-04-04,,6,8.0,2.0
2021-04-05,,7,12.0,3.0
2021-04-06,,8,100.0,3.0
2021-04-07,,9,26.0,3.0
2021-04-08,,9,10.0,3.0
2021-04-09,,8,9.0,3.0
2021-04-10,,8,8.0,2.0
2021-04-11,,8,8.0,2.0
2021-04-12,,9,10.0,3.0
2021-04-13,,11,9.0,3.0
2021-04-14,,10,9.0,2.0
2021-04-15,,10,9.0,2.0
2021-04-16,,10,9.0,2.0
2021-04-17,,8,8.0,2.0
2021-04-18,,7,8.0,2.0
2021-04-19,,8,9.0,2.0
2021-04-20,,8,9.0,2.0
2021-04-21,,8,9.0,2.0
2021-04-22,,8,9.0,2.0
2021-04-23,,8,9.0,2.0
2021-04-24,,8,9.0,2.0
2021-04-25,,7,9.0,2.0
2021-04-26,,8,9.0,2.0
2021-04-27,,9,9.0,2.0
2021-04-28,,9,10.0,3.0
2021-04-29,,9,9.0,2.0
2021-04-30,,10,9.0,2.0
2021-05-01,,8,9.0,2.0
2021-05-02,,7,8.0,2.0
2021-05-03,,8,9.0,2.0
2021-05-04,,10,9.0,3.0
2021-05-05,,10,9.0,2.0
2021-05-06,,11,9.0,2.0
2021-05-07,,10,8.0,2.0
2021-05-08,,8,8.0,2.0
2021-05-09,,7,9.0,2.0
2021-05-10,,10,18.0,2.0
2021-05-11,,10,18.0,2.0
2021-05-12,,10,18.0,2.0
2021-05-13,,11,12.0,2.0
2021-05-14,,11,11.0,2.0
2021-05-15,,9,8.0,2.0
2021-05-16,,8,8.0,2.0
2021-05-17,,9,9.0,2.0
2021-05-18,,10,9.0,2.0
2021-05-19,,9,8.0,2.0
2021-05-20,,10,8.0,2.0
2021-05-21,,9,9.0,2.0
2021-05-22,,8,7.0,2.0
2021-05-23,,7,7.0,2.0
2021-05-24,,8,8.0,2.0
2021-05-25,,9,8.0,2.0
2021-05-26,,9,8.0,2.0
2021-05-27,,9,7.0,2.0
2021-05-28,,9,8.0,2.0
2021-05-29,,8,7.0,2.0
2021-05-30,,7,7.0,2.0
2021-05-31,,8,7.0,2.0
2021-06-01,,8,8.0,2.0
2021-06-02,,9,8.0,2.0
2021-06-03,,9,7.0,2.0
2021-06-04,,9,7.0,2.0
2021-06-05,,8,7.0,2.0
2021-06-06,,7,6.0,2.0
2021-06-07,,8,7.0,2.0
2021-06-08,,9,7.0,2.0
2021-06-09,,9,7.0,2.0
2021-06-10,,10,7.0,2.0
2021-06-11,,11,7.0,2.0
2021-06-12,,9,6.0,2.0
2021-06-13,,8,6.0,1.0
2021-06-14,,9,7.0,2.0
2021-06-15,,9,7.0,2.0
2021-06-16,,9,7.0,2.0
2021-06-17,,10,7.0,2.0
2021-06-18,,9,6.0,2.0
2021-06-19,,8,6.0,2.0
2021-06-20,,7,6.0,2.0
2021-06-21,,8,7.0,2.0
2021-06-22,,10,20.0,2.0
2021-06-23,,10,8.0,2.0
2021-06-24,,10,7.0,2.0
2021-06-25,,9,6.0,2.0
2021-06-26,,8,7.0,2.0
2021-06-27,,8,6.0,2.0
2021-06-28,,9,7.0,2.0
2021-06-29,,10,7.0,2.0
2021-06-30,,10,7.0,2.0
2021-06-30,,33,22.0,6.0
2021-07-01,,29,22.0,5.0
2021-07-02,,28,21.0,6.0
2021-07-03,,26,20.0,5.0
2021-07-04,,24,20.0,5.0
2021-07-05,,28,22.0,5.0
2021-07-06,,31,22.0,6.0
2021-07-07,,29,22.0,6.0
2021-07-08,,32,24.0,6.0
2021-07-09,,34,23.0,6.0
2021-07-10,,29,21.0,5.0
2021-07-11,,22,19.0,4.0
2021-07-12,,34,22.0,7.0
2021-07-13,,34,24.0,8.0
2021-07-14,,31,24.0,7.0
2021-07-15,,32,23.0,6.0
2021-07-16,,35,22.0,6.0
2021-07-17,,30,22.0,6.0
2021-07-18,,26,20.0,5.0
2021-07-19,,31,24.0,7.0
2021-07-20,,33,24.0,7.0
2021-07-21,,31,23.0,7.0
2021-07-22,,32,25.0,7.0
2021-07-23,,35,23.0,7.0
2021-07-24,,28,22.0,6.0
2021-07-25,,26,21.0,6.0
2021-07-26,,29,24.0,8.0
2021-07-27,,30,24.0,7.0
2021-07-28,,34,25.0,8.0
2021-07-29,,34,25.0,8.0
2021-07-30,,30,24.0,8.0
2021-07-31,,26,21.0,7.0
2021-08-01,,23,23.0,6.0
2021-08-02,,28,24.0,7.0
2021-08-03,,32,25.0,8.0
2021-08-04,,33,100.0,8.0
2021-08-05,,33,49.0,9.0
2021-08-06,,33,26.0,8.0
2021-08-07,,27,24.0,7.0
2021-08-08,,26,22.0,7.0
2021-08-09,,31,25.0,8.0
2021-08-10,,32,26.0,8.0
2021-08-11,,31,26.0,8.0
2021-08-12,,34,26.0,9.0
2021-08-13,,32,25.0,8.0
2021-08-14,,28,23.0,7.0
2021-08-15,,25,21.0,7.0
2021-08-16,,27,25.0,7.0
2021-08-17,,29,26.0,8.0
2021-08-18,,30,27.0,9.0
2021-08-19,,32,26.0,9.0
2021-08-20,,29,36.0,8.0
2021-08-21,,27,21.0,7.0
2021-08-22,,21,19.0,6.0
2021-08-23,,50,28.0,9.0
2021-08-24,,49,26.0,11.0
2021-08-25,,40,25.0,9.0
2021-08-26,,35,24.0,8.0
2021-08-27,,29,24.0,7.0
2021-08-28,,24,23.0,6.0
2021-08-29,,21,20.0,6.0
2021-08-30,,28,34.0,8.0
2021-08-31,,26,26.0,7.0
2021-09-01,,26,27.0,7.0
2021-09-02,,24,28.0,7.0
2021-09-03,,23,23.0,6.0
2021-09-04,,20,21.0,5.0
2021-09-05,,17,18.0,5.0
2021-09-06,,18,22.0,5.0
2021-09-07,,21,23.0,6.0
2021-09-08,,21,24.0,6.0
2021-09-09,,21,23.0,7.0
2021-09-10,,21,21.0,10.0
2021-09-11,,18,20.0,6.0
2021-09-12,,15,19.0,6.0
2021-09-13,,21,23.0,8.0
2021-09-14,,20,22.0,7.0
2021-09-15,,19,23.0,6.0
2021-09-16,,20,22.0,7.0
2021-09-17,,21,24.0,7.0
2021-09-18,,20,20.0,6.0
2021-09-19,,17,16.0,5.0
2021-09-20,,22,22.0,6.0
2021-09-21,,20,21.0,6.0
2021-09-22,,18,21.0,6.0
2021-09-23,,21,21.0,6.0
2021-09-24,,21,19.0,5.0
2021-09-25,,16,16.0,4.0
2021-09-26,,13,15.0,4.0
2021-09-27,,19,22.0,5.0
2021-09-28,,20,19.0,6.0
2021-09-29,,19,19.0,5.0
2021-09-30,,18,19.0,6.0
2021-10-01,,16,17.0,5.0
2021-10-02,,14,15.0,5.0
2021-10-03,,12,14.0,4.0
2021-10-04,,16,18.0,5.0
2021-10-05,,20,18.0,5.0
2021-10-06,,18,19.0,5.0
2021-10-07,,21,18.0,6.0
2021-10-08,,18,17.0,5.0
2021-10-09,,13,14.0,5.0
2021-10-10,,12,14.0,4.0
2021-10-11,,14,17.0,5.0
2021-10-12,,14,17.0,5.0
2021-10-13,,16,16.0,5.0
2021-10-14,,16,16.0,5.0
2021-10-15,,15,15.0,5.0
2021-10-16,,12,20.0,4.0
2021-10-17,,12,20.0,4.0
2021-10-18,,14,18.0,5.0
2021-10-19,,15,16.0,5.0
2021-10-20,,15,18.0,5.0
2021-10-21,,18,19.0,6.0
2021-10-22,,18,18.0,5.0
2021-10-23,,13,13.0,4.0
2021-10-24,,11,13.0,4.0
2021-10-25,,16,17.0,5.0
2021-10-26,,17,18.0,5.0
2021-10-27,,17,18.0,5.0
2021-10-28,,16,18.0,5.0
2021-10-29,,16,15.0,4.0
2021-10-30,,12,14.0,3.0
2021-10-31,,11,12.0,3.0
2021-11-01,,12,15.0,4.0
2021-11-02,,15,16.0,5.0
2021-11-03,,17,17.0,5.0
2021-11-04,,17,16.0,6.0
2021-11-05,,27,15.0,6.0
2021-11-06,,31,13.0,4.0
2021-11-07,,19,14.0,4.0
2021-11-08,,19,17.0,5.0
2021-11-09,,20,17.0,5.0
2021-11-10,,17,16.0,5.0
2021-11-11,,16,17.0,4.0
2021-11-12,,16,16.0,4.0
2021-11-13,,12,15.0,4.0
2021-11-14,,12,13.0,4.0
2021-11-15,,16,18.0,4.0
2021-11-16,,17,18.0,5.0
2021-11-17,,18,18.0,5.0
2021-11-18,,17,18.0,4.0
2021-11-19,,18,16.0,5.0
2021-11-20,,13,13.0,4.0
2021-11-21,,12,13.0,3.0
2021-11-22,,15,19.0,4.0
2021-11-23,,15,18.0,4.0
2021-11-24,,15,19.0,4.0
2021-11-25,,15,18.0,3.0
2021-11-26,,16,19.0,4.0
2021-11-27,,14,16.0,4.0
2021-11-28,,12,17.0,4.0
2021-11-29,,19,21.0,5.0
2021-11-30,,19,21.0,6.0
2021-12-01,,19,20.0,5.0
2021-12-02,,18,20.0,5.0
2021-12-03,,18,18.0,5.0
2021-12-04,,14,16.0,4.0
2021-12-05,,12,14.0,3.0
2021-12-06,,15,19.0,4.0
2021-12-07,,15,18.0,4.0
2021-12-08,,21,18.0,5.0
2021-12-09,,19,18.0,4.0
2021-12-10,,17,16.0,4.0
2021-12-11,,13,12.0,4.0
2021-12-12,,13,14.0,3.0
2021-12-13,,17,47.0,4.0
2021-12-14,,21,59.0,5.0
2021-12-15,,20,39.0,5.0
2021-12-16,,20,31.0,4.0
2021-12-17,,20,38.0,5.0
2021-12-18,,17,20.0,4.0
2021-12-19,,14,16.0,4.0
2021-12-20,,22,21.0,5.0
2021-12-21,,22,21.0,5.0
2021-12-22,,22,21.0,5.0
2021-12-23,,21,21.0,4.0
2021-12-24,,13,19.0,4.0
2021-12-25,,10,16.0,3.0
2021-12-26,,11,16.0,3.0
2021-12-27,,15,21.0,4.0
2021-12-28,,18,23.0,4.0
2021-12-29,,18,24.0,5.0
2021-12-30,,16,25.0,5.0
2021-12-31,,11,21.0,4.0
2022-01-01,,11,17.0,3.0
2022-01-01,,14,23.0,4.0
2022-01-02,,15,29.0,4.0
2022-01-03,,22,37.0,6.0
2022-01-04,,37,60.0,10.0
2022-01-05,,23,36.0,7.0
2022-01-06,,22,36.0,6.0
2022-01-07,,27,41.0,7.0
2022-01-08,,22,37.0,6.0
2022-01-09,,20,34.0,6.0
2022-01-10,,24,41.0,7.0
2022-01-11,,26,39.0,6.0
2022-01-12,,29,38.0,6.0
2022-01-13,,22,32.0,5.0
2022-01-14,,18,27.0,5.0
2022-01-15,,18,31.0,5.0
2022-01-16,,14,25.0,4.0
2022-01-17,,17,36.0,5.0
2022-01-18,,17,69.0,5.0
2022-01-19,,18,86.0,5.0
2022-01-20,,19,100.0,5.0
2022-01-21,,16,91.0,5.0
2022-01-22,,16,47.0,4.0
2022-01-23,,12,28.0,4.0
2022-01-24,,12,28.0,4.0
2022-01-25,,14,28.0,5.0
2022-01-26,,13,24.0,4.0
2022-01-27,,14,24.0,4.0
2022-01-28,,14,25.0,4.0
2022-01-29,,12,22.0,4.0
2022-01-30,,10,19.0,3.0
2022-01-31,,12,24.0,4.0
2022-02-01,,14,23.0,4.0
2022-02-02,,13,24.0,4.0
2022-02-03,,12,23.0,4.0
2022-02-04,,11,21.0,3.0
2022-02-05,,10,16.0,3.0
2022-02-06,,9,15.0,3.0
2022-02-07,,11,20.0,4.0
2022-02-08,,12,22.0,4.0
2022-02-09,,11,22.0,4.0
2022-02-10,,9,17.0,3.0
2022-02-11,,12,19.0,4.0
2022-02-12,,9,16.0,3.0
2022-02-13,,8,16.0,3.0
2022-02-14,,9,20.0,3.0
2022-02-15,,9,22.0,4.0
2022-02-16,,9,22.0,3.0
2022-02-17,,8,20.0,3.0
2022-02-18,,9,19.0,3.0
2022-02-19,,7,16.0,3.0
2022-02-20,,6,18.0,3.0
2022-02-21,,8,21.0,3.0
2022-02-22,,8,20.0,3.0
2022-02-23,,9,20.0,3.0
2022-02-24,,8,17.0,3.0
2022-02-25,,7,16.0,3.0
2022-02-26,,5,15.0,2.0
2022-02-27,,5,14.0,2.0
2022-02-28,,7,17.0,3.0
2022-03-01,,8,17.0,3.0
2022-03-02,,11,17.0,3.0
2022-03-03,,10,17.0,3.0
2022-03-04,,10,15.0,3.0
2022-03-05,,9,14.0,2.0
2022-03-06,,7,13.0,2.0
2022-03-07,,9,16.0,3.0
2022-03-08,,10,16.0,3.0
2022-03-09,,8,15.0,3.0
2022-03-10,,8,16.0,3.0
2022-03-11,,9,15.0,3.0
2022-03-12,,7,12.0,2.0
2022-03-13,,6,13.0,2.0
2022-03-14,,8,16.0,3.0
2022-03-15,,8,16.0,3.0
2022-03-16,,7,16.0,3.0
2022-03-17,,6,15.0,3.0
2022-03-18,,7,14.0,2.0
2022-03-19,,5,12.0,2.0
2022-03-20,,4,12.0,2.0
2022-03-21,,6,16.0,3.0
2022-03-22,,7,15.0,3.0
2022-03-23,,9,15.0,3.0
2022-03-24,,8,16.0,3.0
2022-03-25,,6,13.0,3.0
2022-03-26,,5,11.0,2.0
2022-03-27,,4,12.0,2.0
2022-03-28,,6,14.0,2.0
2022-03-29,,7,15.0,3.0
2022-03-30,,9,15.0,3.0
2022-03-31,,8,13.0,3.0
2022-04-01,,6,11.0,3.0
2022-04-02,,5,10.0,2.0
2022-04-03,,4,11.0,2.0
2022-04-04,,5,13.0,3.0
2022-04-05,,5,13.0,3.0
2022-04-06,,6,13.0,3.0
2022-04-07,,6,12.0,3.0
2022-04-08,,5,11.0,2.0
2022-04-09,,4,10.0,2.0
2022-04-10,,3,10.0,2.0
2022-04-11,,5,11.0,2.0
2022-04-12,,5,12.0,3.0
2022-04-13,,5,10.0,2.0
2022-04-14,,5,10.0,3.0
2022-04-15,,4,10.0,2.0
2022-04-16,,3,10.0,2.0
2022-04-17,,3,10.0,2.0
2022-04-18,,5,13.0,3.0
2022-04-19,,5,12.0,3.0
2022-04-20,,5,10.0,3.0
2022-04-21,,5,12.0,3.0
2022-04-22,,4,11.0,3.0
2022-04-23,,4,9.0,2.0
2022-04-24,,4,10.0,2.0
2022-04-25,,5,11.0,3.0
2022-04-26,,5,11.0,3.0
2022-04-27,,5,12.0,3.0
2022-04-28,,4,11.0,3.0
2022-04-29,,4,11.0,2.0
2022-04-30,,4,10.0,2.0
2022-05-01,,3,10.0,2.0
2022-05-02,,4,9.0,3.0
2022-05-03,,5,10.0,3.0
2022-05-04,,6,10.0,3.0
2022-05-05,,7,10.0,3.0
2022-05-06,,7,9.0,2.0
2022-05-07,,5,9.0,2.0
2022-05-08,,5,9.0,2.0
2022-05-09,,5,10.0,3.0
2022-05-10,,6,10.0,3.0
2022-05-11,,6,10.0,3.0
2022-05-12,,5,10.0,2.0
2022-05-13,,5,10.0,2.0
2022-05-14,,3,9.0,2.0
2022-05-15,,3,9.0,2.0
2022-05-16,,4,10.0,2.0
2022-05-17,,5,11.0,3.0
2022-05-18,,5,10.0,2.0
2022-05-19,,4,10.0,3.0
2022-05-20,,4,10.0,2.0
2022-05-21,,3,8.0,2.0
2022-05-22,,3,9.0,2.0
2022-05-23,,4,10.0,3.0
2022-05-24,,4,10.0,3.0
2022-05-25,,4,9.0,3.0
2022-05-26,,4,10.0,2.0
2022-05-27,,4,9.0,2.0
2022-05-28,,3,8.0,2.0
2022-05-29,,3,9.0,2.0
2022-05-30,,3,9.0,2.0
2022-05-31,,4,10.0,2.0
2022-06-01,,4,10.0,2.0
2022-06-02,,4,10.0,2.0
2022-06-03,,3,9.0,2.0
2022-06-04,,3,9.0,2.0
2022-06-05,,2,9.0,2.0
2022-06-06,,3,9.0,2.0
2022-06-07,,4,10.0,2.0
2022-06-08,,4,10.0,2.0
2022-06-09,,4,10.0,2.0
2022-06-10,,3,9.0,2.0
2022-06-11,,3,9.0,2.0
2022-06-12,,2,9.0,2.0
2022-06-13,,4,10.0,2.0
2022-06-14,,4,9.0,2.0
2022-06-15,,4,9.0,2.0
2022-06-16,,4,10.0,2.0
2022-06-17,,4,9.0,2.0
2022-06-18,,3,8.0,2.0
2022-06-19,,2,8.0,2.0
2022-06-20,,4,10.0,2.0
2022-06-21,,4,10.0,3.0
2022-06-22,,5,9.0,3.0
2022-06-23,,4,9.0,3.0
2022-06-24,,4,9.0,2.0
2022-06-25,,3,8.0,2.0
2022-06-26,,3,9.0,2.0
2022-06-27,,4,9.0,2.0
2022-06-28,,4,10.0,2.0
2022-06-29,,4,10.0,2.0
2022-06-30,,4,9.0,2.0
2022-06-30,,37,80.0,20.0
2022-07-01,,32,80.0,20.0
2022-07-02,,24,72.0,16.0
2022-07-03,,18,72.0,16.0
2022-07-04,,27,100.0,15.0
2022-07-05,,32,79.0,21.0
2022-07-06,,37,82.0,21.0
2022-07-07,,40,79.0,21.0
2022-07-08,,37,76.0,19.0
2022-07-09,,25,70.0,17.0
2022-07-10,,21,72.0,15.0
2022-07-11,,38,83.0,22.0
2022-07-12,,36,79.0,21.0
2022-07-13,,37,81.0,21.0
2022-07-14,,37,82.0,23.0
2022-07-15,,35,79.0,21.0
2022-07-16,,23,75.0,17.0
2022-07-17,,21,74.0,18.0
2022-07-18,,31,86.0,21.0
2022-07-19,,34,76.0,21.0
2022-07-20,,33,78.0,23.0
2022-07-21,,33,87.0,23.0
2022-07-22,,33,82.0,23.0
2022-07-23,,23,77.0,19.0
2022-07-24,,20,70.0,18.0
2022-07-25,,28,74.0,21.0
2022-07-26,,29,82.0,25.0
2022-07-27,,31,82.0,20.0
2022-07-28,,33,80.0,21.0
2022-07-29,,30,70.0,19.0
2022-07-30,,20,66.0,17.0
2022-07-31,,19,61.0,16.0
2022-08-01,,29,80.0,21.0
2022-08-02,,30,80.0,23.0
2022-08-03,,29,70.0,22.0
2022-08-04,,29,73.0,21.0
2022-08-05,,27,65.0,22.0
2022-08-06,,19,61.0,18.0
2022-08-07,,17,63.0,16.0
2022-08-08,,29,68.0,22.0
2022-08-09,,30,66.0,22.0
2022-08-10,,30,66.0,22.0
2022-08-11,,27,63.0,22.0
2022-08-12,,24,61.0,23.0
2022-08-13,,17,55.0,19.0
2022-08-14,,16,56.0,16.0
2022-08-15,,27,63.0,23.0
2022-08-16,,30,65.0,22.0
2022-08-17,,30,66.0,22.0
2022-08-18,,30,67.0,24.0
2022-08-19,,25,62.0,19.0
2022-08-20,,17,55.0,14.0
2022-08-21,,17,56.0,14.0
2022-08-22,,25,68.0,18.0
2022-08-23,,27,68.0,19.0
2022-08-24,,26,82.0,19.0
2022-08-25,,25,68.0,20.0
2022-08-26,,39,65.0,19.0
2022-08-27,,31,53.0,13.0
2022-08-28,,18,56.0,15.0
2022-08-29,,25,67.0,19.0
2022-08-30,,25,71.0,19.0
2022-08-31,,26,64.0,19.0
2022-09-01,,26,65.0,20.0
2022-09-02,,26,63.0,20.0
2022-09-03,,19,55.0,17.0
2022-09-04,,16,57.0,14.0
2022-09-05,,19,65.0,16.0
2022-09-06,,28,62.0,20.0
2022-09-07,,27,67.0,22.0
2022-09-08,,25,68.0,21.0
2022-09-09,,25,57.0,21.0
2022-09-10,,18,55.0,17.0
2022-09-11,,17,57.0,16.0
2022-09-12,,28,66.0,24.0
2022-09-13,,29,65.0,23.0
2022-09-14,,30,66.0,25.0
2022-09-15,,29,69.0,24.0
2022-09-16,,30,60.0,21.0
2022-09-17,,21,54.0,17.0
2022-09-18,,18,56.0,16.0
2022-09-19,,30,65.0,22.0
2022-09-20,,27,65.0,20.0
2022-09-21,,28,71.0,23.0
2022-09-22,,27,66.0,21.0
2022-09-23,,28,58.0,20.0
2022-09-24,,20,52.0,15.0
2022-09-25,,21,52.0,16.0
2022-09-26,,30,62.0,20.0
2022-09-27,,28,64.0,23.0
2022-09-28,,29,69.0,22.0
2022-09-29,,26,60.0,21.0
2022-09-30,,25,55.0,18.0
2022-10-01,,18,45.0,15.0
2022-10-02,,16,48.0,15.0
2022-10-03,,27,58.0,20.0
2022-10-04,,28,54.0,22.0
2022-10-05,,25,58.0,21.0
2022-10-06,,28,57.0,20.0
2022-10-07,,31,53.0,20.0
2022-10-08,,22,47.0,17.0
2022-10-09,,20,49.0,19.0
2022-10-10,,28,58.0,28.0
2022-10-11,,36,61.0,26.0
2022-10-12,,72,61.0,25.0
2022-10-13,,78,58.0,27.0
2022-10-14,,61,55.0,25.0
2022-10-15,,45,48.0,19.0
2022-10-16,,36,48.0,17.0
2022-10-17,,42,59.0,23.0
2022-10-18,,42,59.0,21.0
2022-10-19,,39,59.0,26.0
2022-10-20,,35,57.0,29.0
2022-10-21,,34,50.0,23.0
2022-10-22,,28,42.0,17.0
2022-10-23,,25,44.0,15.0
2022-10-24,,37,53.0,22.0
2022-10-25,,34,51.0,25.0
2022-10-26,,35,53.0,24.0
2022-10-27,,34,52.0,24.0
2022-10-28,,30,46.0,21.0
2022-10-29,,22,42.0,17.0
2022-10-30,,20,43.0,14.0
2022-10-31,,26,50.0,19.0
2022-11-01,,31,48.0,20.0
2022-11-02,,28,50.0,21.0
2022-11-03,,29,53.0,21.0
2022-11-04,,29,47.0,20.0
2022-11-05,,20,42.0,16.0
2022-11-06,,17,44.0,15.0
2022-11-07,,26,54.0,20.0
2022-11-08,,26,52.0,19.0
2022-11-09,,24,55.0,18.0
2022-11-10,,27,52.0,19.0
2022-11-11,,25,49.0,17.0
2022-11-12,,20,43.0,15.0
2022-11-13,,18,47.0,15.0
2022-11-14,,26,53.0,20.0
2022-11-15,,30,51.0,22.0
2022-11-16,,32,54.0,20.0
2022-11-17,,29,53.0,17.0
2022-11-18,,27,48.0,18.0
2022-11-19,,19,42.0,13.0
2022-11-20,,15,42.0,13.0
2022-11-21,,20,51.0,18.0
2022-11-22,,25,48.0,17.0
2022-11-23,,25,48.0,16.0
2022-11-24,,20,47.0,15.0
2022-11-25,,19,41.0,14.0
2022-11-26,,15,37.0,14.0
2022-11-27,,15,41.0,14.0
2022-11-28,,21,50.0,18.0
